Node,NumNeighbors,Betweenness,PageRank
A5076526991,71,0.0,0.0005340522304966767
A5109352690,71,0.0,0.0005340522304966767
A5103565352,71,0.0,0.0005340522304966767
A5000877769,71,0.0,0.0005340522304966767
A5049982975,71,0.0,0.0005340522304966767
A5112233517,71,0.0,0.0005340522304966767
A5025798042,71,0.0,0.0005340522304966767
A5102919781,71,0.0,0.0005340522304966767
A5067260083,71,0.0,0.0005340522304966767
A5060309018,71,0.0,0.0005340522304966767
A5045052663,71,0.0,0.0005340522304966767
A5052442169,71,0.0,0.0005340522304966767
A5082635213,71,0.0,0.0005340522304966767
A5016815759,71,0.0,0.0005340522304966767
A5032297413,71,0.0,0.0005340522304966767
A5055070056,71,0.0,0.0005340522304966767
A5108415801,71,0.0,0.0005340522304966767
A5105953140,71,0.0,0.0005340522304966767
A5086250633,71,0.0,0.0005340522304966767
A5108098365,71,0.0,0.0005340522304966767
A5019711205,71,0.0,0.0005340522304966767
A5106051235,71,0.0,0.0005340522304966767
A5065433883,71,0.0,0.0005340522304966767
A5047560467,71,0.0,0.0005340522304966767
A5078296921,71,0.0,0.0005340522304966767
A5017936080,71,0.0,0.0005340522304966767
A5084019255,71,0.0,0.0005340522304966767
A5112196750,71,0.0,0.0005340522304966767
A5052207540,71,0.0,0.0005340522304966767
A5102913226,71,0.0,0.0005340522304966767
A5112167591,71,0.0,0.0005340522304966767
A5011544530,71,0.0,0.0005340522304966767
A5013247889,71,0.0,0.0005340522304966767
A5023239518,71,0.0,0.0005340522304966767
A5021114611,71,0.0,0.0005340522304966767
A5112798543,71,0.0,0.0005340522304966767
A5081660293,71,0.0,0.0005340522304966767
A5073089047,71,0.0,0.0005340522304966767
A5070382849,71,0.0,0.0005340522304966767
A5006690138,71,0.0,0.0005340522304966767
A5106051236,71,0.0,0.0005340522304966767
A5090594770,71,0.0,0.0005340522304966767
A5035526467,71,0.0,0.0005340522304966767
A5046370369,71,0.0,0.0005340522304966767
A5067158333,71,0.0,0.0005340522304966767
A5081849287,71,0.0,0.0005340522304966767
A5039504413,71,0.0,0.0005340522304966767
A5079555592,71,0.0,0.0005340522304966767
A5013514235,71,0.0,0.0005340522304966767
A5069276649,71,0.0,0.0005340522304966767
A5106147234,71,0.0,0.0005340522304966767
A5011852841,71,0.0,0.0005340522304966767
A5090085247,71,0.0,0.0005340522304966767
A5025429354,71,0.0,0.0005340522304966767
A5082528549,71,0.0,0.0005340522304966767
A5037248850,71,0.0,0.0005340522304966767
A5049025385,71,0.0,0.0005340522304966767
A5039962735,71,0.0,0.0005340522304966767
A5058125268,71,0.0,0.0005340522304966767
A5019092976,71,0.0,0.0005340522304966767
A5067793977,71,0.0,0.0005340522304966767
A5067684898,71,0.0,0.0005340522304966767
A5084740896,71,0.0,0.0005340522304966767
A5079543893,71,0.0,0.0005340522304966767
A5045839732,71,0.0,0.0005340522304966767
A5048799203,71,0.0,0.0005340522304966767
A5105440067,71,0.0,0.0005340522304966767
A5105859746,71,0.0,0.0005340522304966767
A5033414011,71,0.0,0.0005340522304966767
A5108132353,483,0.6487472227655864,0.0047729789651017865
A5106202082,71,0.0,0.0005340522304966767
A5058613089,194,0.0573997960167318,0.0017630689830825076
A5044215591,5,0.0005181347150259067,0.00037646884471128614
A5065802082,90,0.0025906735751295338,0.0006900597025754383
A5022452204,5,0.0005181347150259067,0.00037646884471128614
A5112474786,3,0.0,0.00021369055757486328
A5089785510,3,0.0,0.00029035266773985464
A5086667602,3,0.0,0.00029035266773985464
A5094711739,5,0.0,0.00028635351516846934
A5075467037,5,0.0,0.00028635351516846934
A5112827678,55,0.0025906735751295338,0.0007893680735717876
A5025105470,5,0.0,0.00028635351516846934
A5095272823,5,0.0,0.00028635351516846934
A5094603563,5,0.0,0.00028635351516846934
A5063641614,58,0.0,0.0005258075217782938
A5044215643,58,0.0,0.0005258075217782938
A5104060366,58,0.0,0.0005258075217782938
A5037996065,58,0.0,0.0005258075217782938
A5067451207,58,0.0,0.0005258075217782938
A5112396137,58,0.0,0.0005258075217782938
A5090555532,58,0.0,0.0005258075217782938
A5004115380,58,0.0,0.0005258075217782938
A5088758242,58,0.0,0.0005258075217782938
A5036786600,58,0.0,0.0005258075217782938
A5037736439,58,0.0,0.0005258075217782938
A5052759461,58,0.0,0.0005258075217782938
A5088952003,58,0.0,0.0005258075217782938
A5066071662,58,0.0,0.0005258075217782938
A5089398531,58,0.0,0.0005258075217782938
A5086980329,58,0.0,0.0005258075217782938
A5108465178,58,0.0,0.0005258075217782938
A5062789221,58,0.0,0.0005258075217782938
A5056650583,58,0.0,0.0005258075217782938
A5072057403,58,0.0,0.0005258075217782938
A5062069033,58,0.0,0.0005258075217782938
A5045083915,58,0.0,0.0005258075217782938
A5112711823,58,0.0,0.0005258075217782938
A5017326359,95,0.07910880829015549,0.000884378250932284
A5022355000,152,0.1821943005181348,0.0011446799838385475
A5103974139,65,0.001650259067357513,0.0007197383656620562
A5054352432,58,0.0,0.0005258075217782938
A5042263570,58,0.0,0.0005258075217782938
A5009284528,58,0.0,0.0005258075217782938
A5060930658,58,0.0,0.0005258075217782938
A5070777893,58,0.0,0.0005258075217782938
A5068238455,58,0.0,0.0005258075217782938
A5046372509,58,0.0,0.0005258075217782938
A5090350821,58,0.0,0.0005258075217782938
A5016785146,58,0.0,0.0005258075217782938
A5043595404,58,0.0,0.0005258075217782938
A5069887396,58,0.0,0.0005258075217782938
A5039954736,58,0.0,0.0005258075217782938
A5049146799,58,0.0,0.0005258075217782938
A5084509179,58,0.0,0.0005258075217782938
A5007135543,58,0.0,0.0005258075217782938
A5091744909,58,0.0,0.0005258075217782938
A5006224533,58,0.0,0.0005258075217782938
A5087280439,58,0.0,0.0005258075217782938
A5029286344,58,0.0,0.0005258075217782938
A5107458533,58,0.0,0.0005258075217782938
A5087732679,58,0.0,0.0005258075217782938
A5009167047,58,0.0,0.0005258075217782938
A5077263123,58,0.0,0.0005258075217782938
A5114007850,58,0.0,0.0005258075217782938
A5000902169,58,0.0,0.0005258075217782938
A5014188629,58,0.0,0.0005258075217782938
A5008122831,58,0.0,0.0005258075217782938
A5003786277,58,0.0,0.0005258075217782938
A5080856570,58,0.0,0.0005258075217782938
A5083259741,58,0.0,0.0005258075217782938
A5080741808,58,0.0,0.0005258075217782938
A5110887248,58,0.0,0.0005258075217782938
A5109356113,248,0.33290671998648885,0.002454264586437236
A5031107531,63,0.0,0.0005421480851913367
A5047135748,63,0.0,0.0005421480851913367
A5022427042,63,0.0,0.0005421480851913367
A5073579864,63,0.0,0.0005421480851913367
A5039865223,63,0.0,0.0005421480851913367
A5033176504,63,0.0,0.0005421480851913367
A5112254510,63,0.0,0.0005421480851913367
A5112174783,63,0.0,0.0005421480851913367
A5005626266,105,0.10301036269430054,0.0009677582922000739
A5110430683,63,0.0,0.0005421480851913367
A5088385522,63,0.0,0.0005421480851913367
A5104044726,63,0.0,0.0005421480851913367
A5007742003,63,0.0,0.0005421480851913367
A5019026813,63,0.0,0.0005421480851913367
A5014862618,63,0.0,0.0005421480851913367
A5021517362,63,0.0,0.0005421480851913367
A5106097677,63,0.0,0.0005421480851913367
A5053629559,63,0.0,0.0005421480851913367
A5011848827,63,0.0,0.0005421480851913367
A5064463904,63,0.0,0.0005421480851913367
A5109424595,63,0.0,0.0005421480851913367
A5050432096,63,0.0,0.0005421480851913367
A5013362310,63,0.0,0.0005421480851913367
A5021111823,63,0.0,0.0005421480851913367
A5083878575,63,0.0,0.0005421480851913367
A5062414073,63,0.0,0.0005421480851913367
A5029224539,63,0.0,0.0005421480851913367
A5023708476,63,0.0,0.0005421480851913367
A5001533038,63,0.0,0.0005421480851913367
A5007338953,63,0.0,0.0005421480851913367
A5088193935,63,0.0,0.0005421480851913367
A5110082228,63,0.0,0.0005421480851913367
A5109924385,63,0.0,0.0005421480851913367
A5113727788,63,0.0,0.0005421480851913367
A5111777921,63,0.0,0.0005421480851913367
A5109204655,63,0.0,0.0005421480851913367
A5108288700,63,0.0,0.0005421480851913367
A5112821768,63,0.0,0.0005421480851913367
A5103992338,63,0.0,0.0005421480851913367
A5002056891,63,0.0,0.0005421480851913367
A5115594038,63,0.0,0.0005421480851913367
A5083784244,63,0.0,0.0005421480851913367
A5024352596,63,0.0,0.0005421480851913367
A5111532787,63,0.0,0.0005421480851913367
A5064480583,63,0.0,0.0005421480851913367
A5038350493,63,0.0,0.0005421480851913367
A5067610880,63,0.0,0.0005421480851913367
A5038602765,63,0.0,0.0005421480851913367
A5059083441,63,0.0,0.0005421480851913367
A5035718647,63,0.0,0.0005421480851913367
A5049176322,63,0.0,0.0005421480851913367
A5080752457,63,0.0,0.0005421480851913367
A5016135322,63,0.0,0.0005421480851913367
A5017228872,63,0.0,0.0005421480851913367
A5105889512,63,0.0,0.0005421480851913367
A5000309087,63,0.0,0.0005421480851913367
A5037586929,63,0.0,0.0005421480851913367
A5055295121,69,0.002849740932642487,0.0007473951542255451
A5043541421,69,0.002849740932642487,0.0007473951542255451
A5112169393,63,0.0,0.0005421480851913367
A5062332815,63,0.0,0.0005421480851913367
A5010592733,63,0.0,0.0005421480851913367
A5031112506,63,0.0,0.0005421480851913367
A5109184848,63,0.0,0.0005421480851913367
A5071973338,66,0.0,0.0005331154358542076
A5021663196,66,0.0,0.0005331154358542076
A5037516976,66,0.0,0.0005331154358542076
A5036295436,66,0.0,0.0005331154358542076
A5053939235,66,0.0,0.0005331154358542076
A5001493268,66,0.0,0.0005331154358542076
A5004475535,66,0.0,0.0005331154358542076
A5101918158,66,0.0,0.0005331154358542076
A5091192061,66,0.0,0.0005331154358542076
A5015979307,66,0.0,0.0005331154358542076
A5075026411,66,0.0,0.0005331154358542076
A5027321702,66,0.0,0.0005331154358542076
A5025729013,66,0.0,0.0005331154358542076
A5077830622,66,0.0,0.0005331154358542076
A5036855966,66,0.0,0.0005331154358542076
A5030205852,66,0.0,0.0005331154358542076
A5080709924,66,0.0,0.0005331154358542076
A5086901007,66,0.0,0.0005331154358542076
A5063725766,66,0.0,0.0005331154358542076
A5052383545,66,0.0,0.0005331154358542076
A5102965869,66,0.0,0.0005331154358542076
A5113795724,66,0.0,0.0005331154358542076
A5026191854,66,0.0,0.0005331154358542076
A5049922678,66,0.0,0.0005331154358542076
A5006010280,66,0.0,0.0005331154358542076
A5071874309,66,0.0,0.0005331154358542076
A5109959274,66,0.0,0.0005331154358542076
A5023388670,66,0.0,0.0005331154358542076
A5049822435,66,0.0,0.0005331154358542076
A5089613099,66,0.0,0.0005331154358542076
A5026380931,66,0.0,0.0005331154358542076
A5108574614,66,0.0,0.0005331154358542076
A5036542828,66,0.0,0.0005331154358542076
A5043166775,66,0.0,0.0005331154358542076
A5046200092,66,0.0,0.0005331154358542076
A5029270860,66,0.0,0.0005331154358542076
A5005525745,66,0.0,0.0005331154358542076
A5037978981,66,0.0,0.0005331154358542076
A5036168347,66,0.0,0.0005331154358542076
A5111791856,66,0.0,0.0005331154358542076
A5111788914,66,0.0,0.0005331154358542076
A5083403452,66,0.0,0.0005331154358542076
A5027060423,66,0.0,0.0005331154358542076
A5090783921,66,0.0,0.0005331154358542076
A5052142210,66,0.0,0.0005331154358542076
A5111205672,66,0.0,0.0005331154358542076
A5001920483,66,0.0,0.0005331154358542076
A5032197456,66,0.0,0.0005331154358542076
A5111540077,66,0.0,0.0005331154358542076
A5080138464,66,0.0,0.0005331154358542076
A5089185869,66,0.0,0.0005331154358542076
A5021772557,66,0.0,0.0005331154358542076
A5088480243,66,0.0,0.0005331154358542076
A5024434468,66,0.0,0.0005331154358542076
A5078100350,66,0.0,0.0005331154358542076
A5100772065,66,0.0,0.0005331154358542076
A5001382694,66,0.0,0.0005331154358542076
A5066872304,66,0.0,0.0005331154358542076
A5063351458,66,0.0,0.0005331154358542076
A5002963176,66,0.0,0.0005331154358542076
A5046638494,66,0.0,0.0005331154358542076
A5042393557,66,0.0,0.0005331154358542076
A5076238249,66,0.0,0.0005331154358542076
A5001927963,66,0.0,0.0005331154358542076
A5022775023,66,0.0,0.0005331154358542076
A5111597039,51,0.0,0.0005173098876572169
A5013690622,51,0.0,0.0005173098876572169
A5030481288,81,0.004009715025906737,0.0008149799118210498
A5110719198,51,0.0,0.0005173098876572169
A5017534042,51,0.0,0.0005173098876572169
A5072525117,51,0.0,0.0005173098876572169
A5088499864,51,0.0,0.0005173098876572169
A5003554180,51,0.0,0.0005173098876572169
A5114006191,51,0.0,0.0005173098876572169
A5070164608,51,0.0,0.0005173098876572169
A5111901430,51,0.0,0.0005173098876572169
A5113620651,51,0.0,0.0005173098876572169
A5042067224,51,0.0,0.0005173098876572169
A5112600814,51,0.0,0.0005173098876572169
A5111425466,51,0.0,0.0005173098876572169
A5008917322,51,0.0,0.0005173098876572169
A5050900449,51,0.0,0.0005173098876572169
A5000800543,51,0.0,0.0005173098876572169
A5056892193,51,0.0,0.0005173098876572169
A5056580077,51,0.0,0.0005173098876572169
A5038350505,51,0.0,0.0005173098876572169
A5012157430,51,0.0,0.0005173098876572169
A5090476163,51,0.0,0.0005173098876572169
A5009591144,51,0.0,0.0005173098876572169
A5024898052,51,0.0,0.0005173098876572169
A5085776496,51,0.0,0.0005173098876572169
A5111410199,51,0.0,0.0005173098876572169
A5015751461,51,0.0,0.0005173098876572169
A5041384986,81,0.004009715025906737,0.0008149799118210499
A5040698170,51,0.0,0.0005173098876572169
A5062108544,51,0.0,0.0005173098876572169
A5024762715,51,0.0,0.0005173098876572169
A5086753973,51,0.0,0.0005173098876572169
A5036043464,51,0.0,0.0005173098876572169
A5112257220,51,0.0,0.0005173098876572169
A5108407016,51,0.0,0.0005173098876572169
A5090029025,81,0.004009715025906737,0.0008149799118210499
A5110035545,51,0.0,0.0005173098876572169
A5112417840,51,0.0,0.0005173098876572169
A5004872760,51,0.0,0.0005173098876572169
A5072585403,51,0.0,0.0005173098876572169
A5109433777,51,0.0,0.0005173098876572169
A5071223107,51,0.0,0.0005173098876572169
A5063971899,82,0.004527849740932644,0.000888149988986102
A5044049413,81,0.004009715025906737,0.0008149799118210499
A5008668142,51,0.0,0.0005173098876572169
A5001545458,81,0.0040502171978855925,0.0008149799118210499
A5016415920,81,0.004009715025906737,0.0008149799118210499
A5111581392,81,0.004009715025906737,0.0008149799118210499
A5034070636,51,0.0,0.0005173098876572169
A5075946293,51,0.0,0.0005173098876572169
A5067722451,51,0.0,0.0005173098876572169
A5034764832,55,0.005937823834196889,0.0008226512138198048
A5001617286,55,0.005937823834196889,0.0008226512138198048
A5027450608,27,0.0,0.00046176875963672867
A5048706345,27,0.0,0.00046176875963672867
A5033152107,27,0.0,0.00046176875963672867
A5066710773,105,0.09887046632124347,0.0012928057656204064
A5035775338,27,0.0,0.00046176875963672867
A5011232197,27,0.0,0.00046176875963672867
A5085332368,27,0.0,0.00046176875963672867
A5053845865,27,0.0,0.00046176875963672867
A5039077602,27,0.0,0.00046176875963672867
A5110878756,27,0.0,0.00046176875963672867
A5003405177,55,0.005937823834196889,0.0008226512138198048
A5031666050,27,0.0,0.00046176875963672867
A5027231412,64,0.010601036269430025,0.001152994589827293
A5055059973,27,0.0,0.00046176875963672867
A5029020419,27,0.0,0.00046176875963672867
A5108747112,27,0.0,0.00046176875963672867
A5075887171,27,0.0,0.00046176875963672867
A5076246554,27,0.0,0.00046176875963672867
A5102930727,27,0.0,0.00046176875963672867
A5108479703,27,0.0,0.00046176875963672867
A5079095966,27,0.0,0.00046176875963672867
A5078726210,27,0.0,0.00046176875963672867
A5057916369,27,0.0,0.00046176875963672867
A5024819341,27,0.0,0.00046176875963672867
A5062987908,27,0.0,0.00046176875963672867
A5056529795,27,0.0,0.00046176875963672867
A5083715705,32,0.0,0.00048771728320962885
A5103098929,32,0.0,0.00048771728320962885
A5110897702,32,0.0,0.00048771728320962885
A5055136263,32,0.0,0.00048771728320962885
A5112809798,32,0.0,0.00048771728320962885
A5067146231,32,0.0,0.00048771728320962885
A5110911891,32,0.0,0.00048771728320962885
A5103808942,32,0.0,0.00048771728320962885
A5110090737,32,0.0,0.00048771728320962885
A5075265190,32,0.0,0.00048771728320962885
A5036109099,32,0.0,0.00048771728320962885
A5019392710,32,0.0,0.00048771728320962885
A5087559224,32,0.0,0.00048771728320962885
A5044421523,32,0.0,0.00048771728320962885
A5024741688,32,0.0,0.00048771728320962885
A5110892126,32,0.0,0.00048771728320962885
A5029656956,32,0.0,0.00048771728320962885
A5032611053,32,0.0,0.00048771728320962885
A5017728105,87,0.1398238341968912,0.0009441423043542231
A5086791040,32,0.0,0.00048771728320962885
A5112905201,32,0.0,0.00048771728320962885
A5088720640,32,0.0,0.00048771728320962885
A5112672730,32,0.0,0.00048771728320962885
A5025537834,32,0.0,0.00048771728320962885
A5016766526,32,0.0,0.00048771728320962885
A5087350884,32,0.0,0.00048771728320962885
A5112071025,32,0.0,0.00048771728320962885
A5099224265,32,0.0,0.00048771728320962885
A5110733845,44,0.0,0.0005014785981756068
A5054347574,44,0.0,0.0005014785981756068
A5005076486,44,0.0,0.0005014785981756068
A5042060196,44,0.0,0.0005014785981756068
A5101954869,44,0.0,0.0005014785981756068
A5027235256,44,0.0,0.0005014785981756068
A5105369538,44,0.0,0.0005014785981756068
A5040422358,44,0.0,0.0005014785981756068
A5034802181,44,0.0,0.0005014785981756068
A5110775361,44,0.0,0.0005014785981756068
A5020590096,61,3.454231433506045e-05,0.0007235440612065295
A5029752196,61,3.454231433506045e-05,0.0007235440612065295
A5069258877,44,0.0,0.0005014785981756068
A5022503890,44,0.0,0.0005014785981756068
A5049937400,44,0.0,0.0005014785981756068
A5001893639,44,0.0,0.0005014785981756068
A5047494531,61,3.454231433506045e-05,0.0007235440612065295
A5061721856,44,0.0,0.0005014785981756068
A5074653679,44,0.0,0.0005014785981756068
A5061524739,44,0.0,0.0005014785981756068
A5102149643,44,0.0,0.0005014785981756068
A5070060241,44,0.0,0.0005014785981756068
A5112574311,44,0.0,0.0005014785981756068
A5102921812,44,0.0,0.0005014785981756068
A5033571681,44,0.0,0.0005014785981756068
A5103192471,44,0.0,0.0005014785981756068
A5016922490,44,0.0,0.0005014785981756068
A5100658678,44,0.0,0.0005014785981756068
A5100595042,44,0.0,0.0005014785981756068
A5046504124,44,0.0,0.0005014785981756068
A5002561587,44,0.0,0.0005014785981756068
A5045246390,44,0.0,0.0005014785981756068
A5008001419,44,0.0,0.0005014785981756068
A5064063105,44,0.0,0.0005014785981756068
A5003891187,44,0.0,0.0005014785981756068
A5068843811,96,0.0003180113496175674,0.0009453622235828944
A5010532182,88,0.005718466288902489,0.0009025342015664447
A5111567343,44,0.0,0.0005014785981756068
A5081794795,44,0.0,0.0005014785981756068
A5110486223,44,0.0,0.0005014785981756068
A5036012824,44,0.0,0.0005014785981756068
A5020915049,44,0.0,0.0005014785981756068
A5076944459,44,0.0,0.0005014785981756068
A5084576224,193,0.03153510979521343,0.0021581908765452287
A5087619447,45,4.822074740137159e-06,0.00048567356339783175
A5033065592,45,4.822074740137159e-06,0.00048567356339783175
A5106312813,45,4.822074740137159e-06,0.00048567356339783175
A5042541098,45,4.822074740137159e-06,0.00048567356339783175
A5071190170,45,4.822074740137159e-06,0.00048567356339783175
A5070589353,45,4.870782565795109e-06,0.00048567356339783175
A5007619495,45,4.822074740137159e-06,0.00048567356339783175
A5065650185,45,4.822074740137159e-06,0.00048567356339783175
A5114232297,45,4.822074740137159e-06,0.00048567356339783175
A5110646333,45,4.822074740137159e-06,0.00048567356339783175
A5001586304,45,4.822074740137159e-06,0.00048567356339783175
A5101414443,45,4.822074740137159e-06,0.00048567356339783175
A5082561940,43,0.0,0.00046861247596296704
A5058439773,45,4.822074740137159e-06,0.00048567356339783175
A5042162562,45,4.822074740137159e-06,0.00048567356339783175
A5048478269,45,4.822074740137159e-06,0.00048567356339783175
A5002628186,45,4.870782565795109e-06,0.00048567356339783175
A5003345723,45,4.822074740137159e-06,0.00048567356339783175
A5039371740,45,4.822074740137159e-06,0.00048567356339783175
A5005422328,45,4.822074740137159e-06,0.00048567356339783175
A5067804224,45,4.822074740137159e-06,0.00048567356339783175
A5012276258,45,4.822074740137159e-06,0.00048567356339783175
A5005092652,45,4.822074740137159e-06,0.00048567356339783175
A5072056353,45,4.870782565795109e-06,0.00048567356339783175
A5036543677,45,4.822074740137159e-06,0.00048567356339783175
A5022647583,45,4.822074740137159e-06,0.00048567356339783175
A5026801306,45,4.822074740137159e-06,0.00048567356339783175
A5051825660,45,4.870782565795109e-06,0.00048567356339783175
A5113858677,45,4.822074740137159e-06,0.00048567356339783175
A5053329966,45,4.822074740137159e-06,0.00048567356339783175
A5036493614,45,4.822074740137159e-06,0.00048567356339783175
A5046525683,45,4.822074740137159e-06,0.00048567356339783175
A5071875587,45,4.822074740137159e-06,0.00048567356339783175
A5049841166,45,4.870782565795109e-06,0.00048567356339783175
A5029364514,45,4.822074740137159e-06,0.00048567356339783175
A5061196679,45,4.822074740137159e-06,0.00048567356339783175
A5083320525,97,0.004452737199339207,0.0009307871780444302
A5017440565,45,4.822074740137159e-06,0.00048567356339783175
A5034624503,91,0.004016763846267408,0.0008789295003299259
A5072016106,45,4.822074740137159e-06,0.00048567356339783175
A5031577547,65,0.0013032676705950594,0.0007378036112698657
A5103673527,30,0.0,0.0004502656698405246
A5100769668,30,0.0,0.0004502656698405246
A5039871668,30,0.0,0.0004502656698405246
A5100701324,30,0.0,0.0004502656698405246
A5042247712,30,0.0,0.0004502656698405246
A5051915793,30,0.0,0.0004502656698405246
A5003964675,30,0.0,0.0004502656698405246
A5084890701,30,0.0,0.0004502656698405246
A5017759343,30,0.0,0.0004502656698405246
A5064870544,30,0.0,0.0004502656698405246
A5083059057,30,0.0,0.0004502656698405246
A5018112452,30,0.0,0.0004502656698405246
A5065087774,30,0.0,0.0004502656698405246
A5044926683,30,0.0,0.0004502656698405246
A5063319696,30,0.0,0.0004502656698405246
A5079337062,30,0.0,0.0004502656698405246
A5005567508,30,0.0,0.0004502656698405246
A5020123731,82,0.00027707870713052063,0.0008954080478141662
A5103012938,30,0.0,0.0004502656698405246
A5035416711,30,0.0,0.0004502656698405246
A5062128542,30,0.0,0.0004502656698405246
A5113645978,30,0.0,0.0004502656698405246
A5075007010,30,0.0,0.0004502656698405246
A5084748737,30,0.0,0.0004502656698405246
A5081145667,30,0.0,0.0004502656698405246
A5061527424,30,0.0,0.0004502656698405246
A5002929084,30,0.0,0.0004502656698405246
A5077646073,30,0.0,0.0004502656698405246
A5107007391,30,0.0,0.0004502656698405246
A5108907042,43,0.0,0.0004679109032092961
A5031621118,54,7.401924500370096e-07,0.0005380298161058194
A5063141518,54,7.401924500370096e-07,0.0005380298161058194
A5024200227,54,7.401924500370096e-07,0.0005380298161058194
A5020109386,54,7.401924500370096e-07,0.0005380298161058194
A5105262910,54,7.401924500370096e-07,0.0005380298161058194
A5022630477,47,0.0,0.00047807438315175695
A5100406202,54,7.476691414515248e-07,0.0005380298161058194
A5003147212,54,7.401924500370096e-07,0.0005380298161058194
A5021185568,54,7.401924500370096e-07,0.0005380298161058194
A5028827457,54,7.401924500370096e-07,0.0005380298161058194
A5018968787,54,7.401924500370096e-07,0.0005380298161058194
A5010022627,54,7.401924500370096e-07,0.0005380298161058194
A5100425562,47,0.0,0.00047807438315175695
A5100995041,54,7.401924500370096e-07,0.0005380298161058194
A5107837750,47,0.0,0.00047807438315175695
A5107863717,47,0.0,0.00047807438315175695
A5101748303,54,7.401924500370096e-07,0.0005380298161058194
A5071188603,54,7.401924500370096e-07,0.0005380298161058194
A5078003294,54,7.401924500370096e-07,0.0005380298161058194
A5024949152,54,7.401924500370096e-07,0.0005380298161058194
A5002912625,54,7.401924500370096e-07,0.0005380298161058194
A5048763013,73,6.239822353811991e-05,0.0007810507792209855
A5050294080,54,7.401924500370096e-07,0.0005380298161058194
A5072916332,54,7.401924500370096e-07,0.0005380298161058194
A5010359845,54,7.401924500370096e-07,0.0005380298161058194
A5057776207,54,7.401924500370096e-07,0.0005380298161058194
A5101799301,54,7.401924500370096e-07,0.0005380298161058194
A5012015065,54,7.401924500370096e-07,0.0005380298161058194
A5050589211,54,7.401924500370096e-07,0.0005380298161058194
A5030467471,54,7.401924500370096e-07,0.0005380298161058194
A5059783732,54,7.401924500370096e-07,0.0005380298161058194
A5007678235,54,7.401924500370096e-07,0.0005380298161058194
A5109502609,47,0.0,0.0004780743831517569
A5108348414,54,7.401924500370096e-07,0.0005380298161058194
A5087280747,54,7.401924500370096e-07,0.0005380298161058194
A5024554089,54,7.401924500370096e-07,0.0005380298161058194
A5036959589,47,0.0,0.0004780743831517569
A5028205267,54,7.401924500370096e-07,0.0005380298161058194
A5080063763,54,7.401924500370096e-07,0.0005380298161058194
A5107008033,54,7.401924500370096e-07,0.0005380298161058194
A5110275758,54,7.401924500370096e-07,0.0005380298161058194
A5002004882,54,7.401924500370096e-07,0.0005380298161058194
A5071831684,54,7.401924500370096e-07,0.0005380298161058194
A5100425652,48,0.0,0.0004860869683190961
A5113994123,48,0.0,0.0004860869683190961
A5101518465,48,0.0,0.0004860869683190961
A5100617670,48,0.0,0.0004860869683190961
A5017127133,48,0.0,0.0004860869683190961
A5112261725,48,0.0,0.0004860869683190961
A5105956685,2,0.0,0.00014972562171399574
A5105389777,2,0.0,0.00014972562171399574
A5110348099,33,0.0,0.0004490419754227526
A5089741986,33,0.0,0.0004490419754227526
A5110229351,33,0.0,0.0004490419754227526
A5107119454,33,0.0,0.0004490419754227526
A5048091736,82,0.036424870466321244,0.0008847417254990051
A5081708943,33,0.0,0.0004490419754227526
A5012744052,33,0.0,0.0004490419754227526
A5080252318,33,0.0,0.0004490419754227526
A5068320077,82,0.036424870466321244,0.0008847417254990051
A5088761090,33,0.0,0.0004490419754227526
A5080604492,33,0.0,0.0004490419754227526
A5110884846,33,0.0,0.0004490419754227526
A5108047886,33,0.0,0.0004490419754227526
A5100347731,33,0.0,0.0004490419754227526
A5076684145,33,0.0,0.0004490419754227526
A5069861798,33,0.0,0.0004490419754227526
A5051776174,33,0.0,0.0004490419754227526
A5055316433,33,0.0,0.0004490419754227526
A5060892901,33,0.0,0.0004490419754227526
A5008178147,33,0.0,0.0004490419754227526
A5103524796,33,0.0,0.0004490419754227526
A5077574989,33,0.0,0.0004490419754227526
A5048451431,33,0.0,0.0004490419754227526
A5071467218,33,0.0,0.0004490419754227526
A5031940621,33,0.0,0.0004490419754227526
A5103136494,33,0.0,0.0004490419754227526
A5102894612,33,0.0,0.0004490419754227526
A5026751971,33,0.0,0.0004490419754227526
A5047104019,33,0.0,0.0004490419754227526
A5063906396,33,0.0,0.0004490419754227526
A5105910150,33,0.0,0.0004490419754227526
A5084313032,33,0.0,0.0004490419754227526
A5014158607,42,0.0,0.0004986161865131229
A5023710076,42,0.0,0.0004986161865131229
A5066993384,42,0.0,0.0004986161865131229
A5049973001,42,0.0,0.0004986161865131229
A5088629634,42,0.0,0.0004986161865131229
A5045598565,42,0.0,0.0004986161865131229
A5091673686,42,0.0,0.0004986161865131229
A5010850769,42,0.0,0.0004986161865131229
A5100612773,42,0.0,0.0004986161865131229
A5101707115,42,0.0,0.0004986161865131229
A5102215524,42,0.0,0.0004986161865131229
A5101186955,42,0.0,0.0004986161865131229
A5036321828,42,0.0,0.0004986161865131229
A5039010192,42,0.0,0.0004986161865131229
A5022963763,42,0.0,0.0004986161865131229
A5054801848,42,0.0,0.0004986161865131229
A5044350732,42,0.0,0.0004986161865131229
A5090920473,42,0.0,0.0004986161865131229
A5019667316,42,0.0,0.0004986161865131229
A5110478449,42,0.0,0.0004986161865131229
A5073514170,42,0.0,0.0004986161865131229
A5101700102,83,0.18645708117443865,0.0009117747043745409
A5073199591,42,0.0,0.0004986161865131229
A5000586895,42,0.0,0.0004986161865131229
A5010068085,42,0.0,0.0004986161865131229
A5073459233,42,0.0,0.0004986161865131229
A5010167079,42,0.0,0.0004986161865131229
A5000595238,42,0.0,0.0004986161865131229
A5054629022,42,0.0,0.0004986161865131229
A5016834293,42,0.0,0.0004986161865131229
A5004489095,42,0.0,0.0004986161865131229
A5027945716,42,0.0,0.0004986161865131229
A5040987736,42,0.0,0.0004986161865131229
A5028620917,42,0.0,0.0004986161865131229
A5031652451,42,0.0,0.0004986161865131229
A5011299962,42,0.0,0.0004986161865131229
A5077885203,42,0.0,0.0004986161865131229
A5101435318,42,0.0,0.0004986161865131229
A5069067442,42,0.0,0.0004986161865131229
A5011668949,42,0.0,0.0004986161865131229
A5021052469,42,0.0,0.0004986161865131229
A5058832061,69,0.011854922279792747,0.0008918307048724033
A5020016020,69,0.011854922279792747,0.0008918307048724033
A5061121783,42,0.0,0.0005014534502457181
A5067856593,42,0.0,0.0005014534502457181
A5002395091,42,0.0,0.0005014534502457181
A5007252462,42,0.0,0.0005014534502457181
A5067531230,42,0.0,0.0005014534502457181
A5009193428,42,0.0,0.0005014534502457181
A5089898009,42,0.0,0.0005014534502457181
A5069190482,42,0.0,0.0005014534502457181
A5055529512,42,0.0,0.0005014534502457181
A5064764888,42,0.0,0.0005014534502457181
A5085911002,42,0.0,0.0005014534502457181
A5022305760,42,0.0,0.0005014534502457181
A5032117766,42,0.0,0.0005014534502457181
A5106150728,42,0.0,0.0005014534502457181
A5111759246,42,0.0,0.0005014534502457181
A5040442295,42,0.0,0.0005014534502457181
A5105806841,42,0.0,0.0005014534502457181
A5112043957,42,0.0,0.0005014534502457181
A5077663383,42,0.0,0.0005014534502457181
A5069155396,42,0.0,0.0005014534502457181
A5063014208,42,0.0,0.0005014534502457181
A5030615674,42,0.0,0.0005014534502457181
A5055431860,42,0.0,0.0005014534502457181
A5019184927,42,0.0,0.0005014534502457181
A5060670284,42,0.0,0.0005014534502457181
A5058263403,42,0.0,0.0005014534502457181
A5054516309,42,0.0,0.0005014534502457181
A5032660770,42,0.0,0.0005014534502457181
A5052807890,42,0.0,0.0005014534502457181
A5054571302,42,0.0,0.0005014534502457181
A5079743015,42,0.0,0.0005014534502457181
A5106006042,42,0.0,0.0005014534502457181
A5103004527,42,0.0,0.0005014534502457181
A5111503920,42,0.0,0.0005014534502457181
A5036386111,42,0.0,0.0005014534502457181
A5106201376,42,0.0,0.0005014534502457181
A5115596428,42,0.0,0.0005014534502457181
A5024191063,42,0.0,0.0005014534502457181
A5022486746,42,0.0,0.0005014534502457181
A5049333121,75,0.15802590673575131,0.0007752359895626667
A5108565861,13,0.0,0.00030477691891543765
A5109872796,13,0.0,0.00030477691891543765
A5023231843,13,0.0,0.00030477691891543765
A5026654480,13,0.0,0.00030477691891543765
A5003950675,13,0.0,0.00030477691891543765
A5067224066,13,0.0,0.00030477691891543765
A5112261878,13,0.0,0.00030477691891543765
A5081025860,13,0.0,0.00030477691891543765
A5063961127,13,0.0,0.00030477691891543765
A5044105377,13,0.0,0.00030477691891543765
A5036545712,13,0.0,0.00030477691891543765
A5089703142,21,0.0,0.000334736703226859
A5073706072,21,0.0,0.000334736703226859
A5073656496,21,0.0,0.000334736703226859
A5003897257,21,0.0,0.000334736703226859
A5085058596,21,0.0,0.000334736703226859
A5048213684,21,0.0,0.000334736703226859
A5044411658,21,0.0,0.000334736703226859
A5006670780,21,0.0,0.000334736703226859
A5074836029,21,0.0,0.000334736703226859
A5041343765,21,0.0,0.000334736703226859
A5006104274,21,0.0,0.000334736703226859
A5059852103,21,0.0,0.000334736703226859
A5025899043,21,0.0,0.000334736703226859
A5052736388,21,0.0,0.000334736703226859
A5056909319,21,0.0,0.000334736703226859
A5039585451,38,0.0,0.0005031327634538289
A5070603163,38,0.0,0.0005031327634538289
A5014897661,38,0.0,0.0005031327634538289
A5010594551,38,0.0,0.0005031327634538289
A5089210937,38,0.0,0.0005031327634538289
A5065518118,38,0.0,0.0005031327634538289
A5111905600,38,0.0,0.0005031327634538289
A5106708158,38,0.0,0.0005031327634538289
A5007252112,38,0.0,0.0005031327634538289
A5015845890,38,0.0,0.0005031327634538289
A5012642973,38,0.0,0.0005031327634538289
A5108790694,38,0.0,0.0005031327634538289
A5068561527,63,0.24813618307426594,0.0008806557507387289
A5058290389,38,0.0,0.0005031327634538289
A5016425881,38,0.0,0.0005031327634538289
A5035248906,38,0.0,0.0005031327634538289
A5056364928,38,0.0,0.0005031327634538289
A5085096049,38,0.0,0.0005031327634538289
A5040235974,38,0.0,0.0005031327634538289
A5062401038,38,0.0,0.0005031327634538289
A5089464953,38,0.0,0.0005031327634538289
A5089762605,38,0.0,0.0005031327634538289
A5112835309,38,0.0,0.0005031327634538289
A5082629060,38,0.0,0.0005031327634538289
A5005119542,38,0.0,0.0005031327634538289
A5027327911,38,0.0,0.0005031327634538289
A5049116947,38,0.0,0.0005031327634538289
A5079728218,38,0.0,0.0005031327634538289
A5111488509,38,0.0,0.0005031327634538289
A5091172284,38,0.0,0.0005031327634538289
A5014026215,38,0.0,0.0005031327634538289
A5008257308,38,0.0,0.0005031327634538289
A5030477207,38,0.0,0.0005031327634538289
A5022980599,38,0.0,0.0005031327634538289
A5048446588,38,0.0,0.0005031327634538289
A5103529295,38,0.0,0.0005031327634538289
A5110550810,38,0.0,0.0005031327634538289
A5079368977,40,0.0447223784850728,0.0005222327362455135
A5110490357,50,0.0,0.0005204406159530783
A5095284204,50,0.0,0.0005204406159530783
A5098655542,50,0.0,0.0005204406159530783
A5102480215,50,0.0,0.0005204406159530783
A5026108184,50,0.0,0.0005204406159530783
A5060285638,50,0.0,0.0005204406159530783
A5082698015,50,0.0,0.0005204406159530783
A5015783013,50,0.0,0.0005204406159530783
A5040635626,50,0.0,0.0005204406159530783
A5080982296,50,0.0,0.0005204406159530783
A5040700682,50,0.0,0.0005204406159530783
A5021287155,50,0.0,0.0005204406159530783
A5047625982,50,0.0,0.0005204406159530783
A5101762624,50,0.0,0.0005204406159530783
A5103175035,50,0.0,0.0005204406159530783
A5110144658,50,0.0,0.0005204406159530783
A5011176283,50,0.0,0.0005204406159530783
A5037263568,50,0.0,0.0005204406159530783
A5034849807,50,0.0,0.0005204406159530783
A5030328281,50,0.0,0.0005204406159530783
A5085300448,50,0.0,0.0005204406159530783
A5094450169,50,0.0,0.0005204406159530783
A5114018878,50,0.0,0.0005204406159530783
A5094450161,50,0.0,0.0005204406159530783
A5112820527,50,0.0,0.0005204406159530783
A5043219314,50,0.0,0.0005204406159530783
A5108537051,50,0.0,0.0005204406159530783
A5094450162,50,0.0,0.0005204406159530783
A5094469804,50,0.0,0.0005204406159530783
A5019489277,50,0.0,0.0005204406159530783
A5094402209,50,0.0,0.0005204406159530783
A5094402219,50,0.0,0.0005204406159530783
A5094402222,50,0.0,0.0005204406159530783
A5100605278,50,0.0,0.0005204406159530783
A5094469777,50,0.0,0.0005204406159530783
A5110878858,50,0.0,0.0005204406159530783
A5110873509,50,0.0,0.0005204406159530783
A5075455431,50,0.0,0.0005204406159530783
A5109906443,50,0.0,0.0005204406159530783
A5090122830,50,0.0,0.0005204406159530783
A5063615479,50,0.0,0.0005204406159530783
A5073012067,50,0.0,0.0005204406159530783
A5094529605,50,0.0,0.0005204406159530783
A5094529607,50,0.0,0.0005204406159530783
A5094730859,50,0.0,0.0005204406159530783
A5005454764,50,0.0,0.0005204406159530783
A5094454850,50,0.0,0.0005204406159530783
A5040110913,50,0.0,0.0005204406159530783
A5025225575,50,0.0,0.0005204406159530783
A5033114528,62,0.0,0.000538284930614998
A5018408731,62,0.0,0.000538284930614998
A5063349868,62,0.0,0.000538284930614998
A5016726863,62,0.0,0.000538284930614998
A5108350069,62,0.0,0.000538284930614998
A5046101970,62,0.0,0.000538284930614998
A5069241630,62,0.0,0.000538284930614998
A5111884930,62,0.0,0.000538284930614998
A5047595838,62,0.0,0.000538284930614998
A5074645101,62,0.0,0.000538284930614998
A5077583806,62,0.0,0.000538284930614998
A5064940081,62,0.0,0.000538284930614998
A5065711153,62,0.0,0.000538284930614998
A5012003620,62,0.0,0.000538284930614998
A5040124038,62,0.0,0.000538284930614998
A5069287669,62,0.0,0.000538284930614998
A5000958643,62,0.0,0.000538284930614998
A5080113423,62,0.0,0.000538284930614998
A5018050928,62,0.0,0.000538284930614998
A5011859104,62,0.0,0.000538284930614998
A5087634044,62,0.0,0.000538284930614998
A5041495874,62,0.0,0.000538284930614998
A5005125524,62,0.0,0.000538284930614998
A5050279083,62,0.0,0.000538284930614998
A5053177139,62,0.0,0.000538284930614998
A5006778743,62,0.0,0.000538284930614998
A5002068723,62,0.0,0.000538284930614998
A5109241271,62,0.0,0.000538284930614998
A5108098101,62,0.0,0.000538284930614998
A5075502842,62,0.0,0.000538284930614998
A5087239434,93,0.035430051813471516,0.0009544706314618401
A5110289568,62,0.0,0.000538284930614998
A5108134397,62,0.0,0.000538284930614998
A5002672605,62,0.0,0.000538284930614998
A5040268724,62,0.0,0.000538284930614998
A5040343073,62,0.0,0.000538284930614998
A5003452517,62,0.0,0.000538284930614998
A5058175394,62,0.0,0.000538284930614998
A5007197210,62,0.0,0.000538284930614998
A5065857191,62,0.0,0.000538284930614998
A5085571191,62,0.0,0.000538284930614998
A5047768346,62,0.0,0.000538284930614998
A5074347263,62,0.0,0.000538284930614998
A5015043500,62,0.0,0.000538284930614998
A5038679251,62,0.0,0.000538284930614998
A5090114349,62,0.0,0.000538284930614998
A5076381884,62,0.0,0.000538284930614998
A5016583787,62,0.0,0.000538284930614998
A5013709045,62,0.0,0.000538284930614998
A5046377370,116,0.0816476683937824,0.0011382175958104205
A5069647536,62,0.0,0.000538284930614998
A5081120098,62,0.0,0.000538284930614998
A5107857216,62,0.0,0.000538284930614998
A5044242760,62,0.0,0.000538284930614998
A5072020842,62,0.0,0.000538284930614998
A5013199881,62,0.0,0.000538284930614998
A5080506365,62,0.0,0.000538284930614998
A5020427938,62,0.0,0.000538284930614998
A5110211660,62,0.0,0.000538284930614998
A5028990427,62,0.0,0.000538284930614998
A5044003397,62,0.0,0.000538284930614998
A5024638194,62,0.0,0.000538284930614998
A5056603005,8,0.0,0.0002611998982815386
A5015477194,8,0.0,0.0002611998982815386
A5069989591,8,0.0,0.0002611998982815386
A5017474493,8,0.0,0.0002611998982815386
A5112765933,8,0.0,0.0002611998982815386
A5009098904,8,0.0,0.0002611998982815386
A5005262404,8,0.0,0.0002611998982815386
A5081286423,55,0.0,0.0005313448659481877
A5099744652,55,0.0,0.0005313448659481877
A5057432758,55,0.0,0.0005313448659481877
A5068100907,55,0.0,0.0005313448659481877
A5012700479,55,0.0,0.0005313448659481877
A5057616193,55,0.0,0.0005313448659481877
A5066521546,56,0.0005181347150259067,0.000604162548633213
A5023538410,55,0.0,0.0005313448659481877
A5086596778,55,0.0,0.0005313448659481877
A5002718933,55,0.0,0.0005313448659481877
A5009671441,55,0.0,0.0005313448659481877
A5040423968,55,0.0,0.0005313448659481877
A5055067989,55,0.0,0.0005313448659481877
A5108788654,55,0.0,0.0005313448659481877
A5055656107,60,0.0025906735751295338,0.0007710154511448067
A5009308924,55,0.0,0.0005313448659481877
A5100441019,55,0.0,0.0005313448659481877
A5101766073,55,0.0,0.0005313448659481877
A5100530214,55,0.0,0.0005313448659481877
A5070706694,55,0.0,0.0005313448659481877
A5100607831,55,0.0,0.0005313448659481877
A5105985965,103,0.03460616527974048,0.0009160366841364734
A5054824091,103,0.03460616527974048,0.0009160366841364734
A5074320486,103,0.03426010362694308,0.0009160366841364734
A5033471609,55,0.0,0.0005313448659481877
A5112020996,55,0.0,0.0005313448659481877
A5073402721,103,0.03426010362694308,0.0009160366841364734
A5025804381,56,0.00025906735751295336,0.0005712406108577812
A5080553807,55,0.0,0.0005313448659481877
A5050931392,56,0.00025906735751295336,0.0005712406108577812
A5052842311,55,0.0,0.0005313448659481877
A5041023653,55,0.0,0.0005313448659481877
A5084684549,55,0.0,0.0005313448659481877
A5058755659,55,0.0,0.0005313448659481877
A5016827125,55,0.0,0.0005313448659481877
A5036610284,55,0.0,0.0005313448659481877
A5054975197,55,0.0,0.0005313448659481877
A5030005750,55,0.0,0.0005313448659481877
A5002613008,55,0.0,0.0005313448659481877
A5080318551,55,0.0,0.0005313448659481877
A5051273412,55,0.0,0.0005313448659481877
A5052177007,103,0.03426010362694308,0.0009160366841364734
A5072163653,55,0.0,0.0005313448659481877
A5108468939,55,0.0,0.0005313448659481877
A5032941956,55,0.0,0.0005313448659481877
A5015863605,55,0.0,0.0005313448659481877
A5110053186,55,0.0,0.0005313448659481877
A5005946282,55,0.0,0.0005313448659481877
A5052201927,55,0.0,0.0005313448659481877
A5103392429,55,0.0,0.0005313448659481877
A5050136275,55,0.0,0.0005313448659481877
A5003394377,55,0.0,0.0005313448659481877
A5035746049,55,0.0,0.0005313448659481877
A5113803615,55,0.0,0.0005313448659481877
A5040281616,55,0.0,0.0005313448659481877
A5041375911,95,0.0,0.0005109392957471127
A5006858047,95,0.0,0.0005109392957471127
A5001518001,95,0.0,0.0005109392957471127
A5011271038,95,0.0,0.0005109392957471127
A5091408486,95,0.0,0.0005109392957471127
A5113463143,95,0.0,0.0005109392957471127
A5016486302,95,0.0,0.0005109392957471127
A5080837870,95,0.0,0.0005109392957471127
A5030590587,95,0.0,0.0005109392957471127
A5081017431,95,0.0,0.0005109392957471127
A5048446431,95,0.0,0.0005109392957471127
A5113857033,95,0.0,0.0005109392957471127
A5016308365,95,0.0,0.0005109392957471127
A5029422561,95,0.0,0.0005109392957471127
A5058110715,95,0.0,0.0005109392957471127
A5038446432,95,0.0,0.0005109392957471127
A5029239081,172,0.008072067828544518,0.0008910425977162642
A5075743918,95,0.0,0.0005109392957471127
A5103460593,95,0.0,0.0005109392957471127
A5055393502,172,0.008072067828544518,0.0008910425977162642
A5009405100,172,0.008072067828544518,0.0008910425977162642
A5013288175,95,0.0,0.0005109392957471127
A5030739911,172,0.008072067828544518,0.0008910425977162642
A5052766126,172,0.008072067828544518,0.0008910425977162642
A5060692908,95,0.0,0.0005109392957471127
A5017970175,95,0.0,0.0005109392957471127
A5022326043,95,0.0,0.0005109392957471127
A5064587153,95,0.0,0.0005109392957471127
A5087835413,95,0.0,0.0005109392957471127
A5073863926,95,0.0,0.0005109392957471127
A5085215732,95,0.0,0.0005109392957471127
A5103182830,95,0.0,0.0005109392957471127
A5051450610,95,0.0,0.0005109392957471127
A5100601170,95,0.0,0.0005109392957471127
A5091422283,95,0.0,0.0005109392957471127
A5109081839,95,0.0,0.0005109392957471127
A5057267030,95,0.0,0.0005109392957471127
A5010716912,95,0.0,0.0005109392957471127
A5006871327,95,0.0,0.0005109392957471127
A5010883853,95,0.0,0.0005109392957471127
A5002546374,172,0.008072067828544518,0.0008910425977162642
A5006741174,95,0.0,0.0005109392957471127
A5105414527,95,0.0,0.0005109392957471127
A5083079028,95,0.0,0.0005109392957471127
A5000240921,95,0.0,0.0005109392957471127
A5074020976,95,0.0,0.0005109392957471127
A5055985145,95,0.0,0.0005109392957471127
A5005195565,95,0.0,0.0005109392957471127
A5102753449,131,0.018652849740932644,0.0009240396513388884
A5078210431,95,0.0,0.0005109392957471127
A5089877700,95,0.0,0.0005109392957471127
A5011122959,95,0.0,0.0005109392957471127
A5111995740,95,0.0,0.0005109392957471127
A5063337128,95,0.0,0.0005109392957471127
A5022850536,95,0.0,0.0005109392957471127
A5021448726,95,0.0,0.0005109392957471127
A5074879289,95,0.0,0.0005109392957471127
A5071559566,95,0.0,0.0005109392957471127
A5059641397,95,0.0,0.0005109392957471127
A5072753916,95,0.0,0.0005109392957471127
A5062757305,95,0.0,0.0005109392957471127
A5037595123,172,0.008072067828544518,0.0008910425977162643
A5108167280,95,0.0,0.0005109392957471127
A5016110335,172,0.008072067828544518,0.0008910425977162643
A5079783179,95,0.0,0.0005109392957471127
A5000707925,95,0.0,0.0005109392957471127
A5073296438,95,0.0,0.0005109392957471127
A5013708786,95,0.0,0.0005109392957471127
A5003610351,95,0.0,0.0005109392957471127
A5052088721,95,0.0,0.0005109392957471127
A5047180427,95,0.0,0.0005109392957471127
A5034962133,95,0.0,0.0005109392957471127
A5017263099,95,0.0,0.0005109392957471127
A5109930684,95,0.0,0.0005109392957471127
A5060268971,95,0.0,0.0005109392957471127
A5003320243,95,0.0,0.0005109392957471127
A5109895873,95,0.0,0.0005109392957471127
A5040083768,95,0.0,0.0005109392957471127
A5074864948,95,0.0,0.0005109392957471127
A5001076934,95,0.0,0.0005109392957471127
A5034647754,95,0.0,0.0005109392957471127
A5091743975,95,0.0,0.0005109392957471127
A5039841215,95,0.0,0.0005109392957471127
A5065321275,95,0.0,0.0005109392957471127
A5075690918,172,0.008072067828544518,0.0008910425977162643
A5048700266,172,0.008072067828544518,0.0008910425977162643
A5002828396,95,0.0,0.0005109392957471127
A5050325795,95,0.0,0.0005109392957471127
A5075856716,95,0.0,0.0005109392957471127
A5034023663,95,0.0,0.0005109392957471127
A5086952934,95,0.0,0.0005109392957471127
A5047374156,95,0.0,0.0005109392957471127
A5048478145,95,0.0,0.0005109392957471127
A5018110417,95,0.0,0.0005109392957471127
A5027288796,95,0.0,0.0005109392957471127
A5068217114,172,0.008072067828544518,0.0008910425977162642
A5110484833,50,0.0,0.0005467187399120747
A5055916434,50,0.0,0.0005467187399120747
A5016391459,50,0.0,0.0005467187399120747
A5113687547,50,0.0,0.0005467187399120747
A5113573761,78,0.05729015544041451,0.0009584084254721248
A5091491113,50,0.0,0.0005467187399120747
A5065156597,50,0.0,0.0005467187399120747
A5111919894,50,0.0,0.0005467187399120747
A5011342226,50,0.0,0.0005467187399120747
A5053148197,50,0.0,0.0005467187399120747
A5006361775,50,0.0,0.0005467187399120747
A5110912566,50,0.0,0.0005467187399120747
A5109902124,50,0.0,0.0005467187399120747
A5072620565,50,0.0,0.0005467187399120747
A5113717018,50,0.0,0.0005467187399120747
A5018462970,50,0.0,0.0005467187399120747
A5111814686,50,0.0,0.0005467187399120747
A5112033603,50,0.0,0.0005467187399120747
A5090358045,50,0.0,0.0005467187399120747
A5021005712,50,0.0,0.0005467187399120747
A5113896271,50,0.0,0.0005467187399120747
A5016957219,50,0.0,0.0005467187399120747
A5011320555,50,0.0,0.0005467187399120747
A5005574687,50,0.0,0.0005467187399120747
A5081805077,50,0.0,0.0005467187399120747
A5091202339,50,0.0,0.0005467187399120747
A5017129520,50,0.0,0.0005467187399120747
A5044439306,50,0.0,0.0005467187399120747
A5045473868,50,0.0,0.0005467187399120747
A5076432007,50,0.0,0.0005467187399120747
A5020875104,50,0.0,0.0005467187399120747
A5080357149,50,0.0,0.0005467187399120747
A5045826196,50,0.0,0.0005467187399120747
A5114131146,50,0.0,0.0005467187399120747
A5112741400,50,0.0,0.0005467187399120747
A5001208565,50,0.0,0.0005467187399120747
A5051105490,50,0.0,0.0005467187399120747
A5109348536,50,0.0,0.0005467187399120747
A5085349318,50,0.0,0.0005467187399120747
A5104047053,50,0.0,0.0005467187399120747
A5072288334,50,0.0,0.0005467187399120747
A5108242960,50,0.0,0.0005467187399120747
A5012477929,50,0.0,0.0005467187399120747
A5071060589,50,0.0,0.0005467187399120747
A5018495940,50,0.0,0.0005467187399120747
A5048708777,50,0.0,0.0005467187399120747
A5065257126,50,0.0,0.0005467187399120747
A5087704653,50,0.0,0.0005467187399120747
A5087442048,50,0.0,0.0005467187399120747
A5012783154,36,0.0,0.00048665581741030644
A5109753048,36,0.0,0.00048665581741030644
A5030402036,36,0.0,0.00048665581741030644
A5083176907,36,0.0,0.00048665581741030644
A5108929533,36,0.0,0.00048665581741030644
A5034146298,36,0.0,0.00048665581741030644
A5070681840,36,0.0,0.00048665581741030644
A5085535068,36,0.0,0.00048665581741030644
A5064395503,36,0.0,0.00048665581741030644
A5070884870,36,0.0,0.00048665581741030644
A5064094704,36,0.0,0.00048665581741030644
A5106083884,36,0.0,0.00048665581741030644
A5076239821,36,0.0,0.00048665581741030644
A5082707865,36,0.0,0.00048665581741030644
A5086262099,36,0.0,0.00048665581741030644
A5007168003,36,0.0,0.00048665581741030644
A5111233945,36,0.0,0.00048665581741030644
A5006959805,36,0.0,0.00048665581741030644
A5070804554,36,0.0,0.00048665581741030644
A5010227146,36,0.0,0.00048665581741030644
A5113442067,36,0.0,0.00048665581741030644
A5057658636,36,0.0,0.00048665581741030644
A5042539731,36,0.0,0.00048665581741030644
A5051068086,36,0.0,0.00048665581741030644
A5035835254,36,0.0,0.00048665581741030644
A5077734602,36,0.0,0.00048665581741030644
A5029261997,36,0.0,0.00048665581741030644
A5015858995,36,0.0,0.00048665581741030644
A5000675693,36,0.0,0.00048665581741030644
A5082408477,36,0.0,0.00048665581741030644
A5024895189,36,0.0,0.00048665581741030644
A5035338339,36,0.0,0.00048665581741030644
A5108527999,36,0.0,0.00048665581741030644
A5111806757,36,0.0,0.00048665581741030644
A5061024818,36,0.0,0.00048665581741030644
A5046274708,36,0.0,0.00048665581741030644
A5112325790,75,0.0,0.0005325585945896185
A5076077834,76,0.0005181347150259067,0.0006035624052710089
A5114162169,75,0.0,0.0005325585945896185
A5112261227,75,0.0,0.0005325585945896185
A5110502105,75,0.0,0.0005325585945896185
A5042480436,75,0.0,0.0005325585945896185
A5044854483,75,0.0,0.0005325585945896185
A5040977720,75,0.0,0.0005325585945896185
A5090131643,75,0.0,0.0005325585945896185
A5049943290,75,0.0,0.0005325585945896185
A5035948753,75,0.0,0.0005325585945896185
A5025841940,75,0.0,0.0005325585945896185
A5058950603,75,0.0,0.0005325585945896185
A5050649354,75,0.0,0.0005325585945896185
A5044546150,75,0.0,0.0005325585945896185
A5058167420,75,0.0,0.0005325585945896185
A5027336595,75,0.0,0.0005325585945896185
A5049614187,75,0.0,0.0005325585945896185
A5062130051,75,0.0,0.0005325585945896185
A5012229551,75,0.0,0.0005325585945896185
A5088122043,75,0.0,0.0005325585945896185
A5006617124,75,0.0,0.0005325585945896185
A5108436951,75,0.0,0.0005325585945896185
A5003670561,75,0.0,0.0005325585945896185
A5017793957,75,0.0,0.0005325585945896185
A5075617694,75,0.0,0.0005325585945896185
A5101656327,75,0.0,0.0005325585945896185
A5112470169,75,0.0,0.0005325585945896185
A5001684358,75,0.0,0.0005325585945896185
A5029617812,75,0.0,0.0005325585945896185
A5107838175,75,0.0,0.0005325585945896185
A5020933912,75,0.0,0.0005325585945896185
A5101796079,75,0.0,0.0005325585945896185
A5026499895,75,0.0,0.0005325585945896185
A5104265001,75,0.0,0.0005325585945896185
A5025872899,75,0.0,0.0005325585945896185
A5087279007,75,0.0,0.0005325585945896185
A5110935184,75,0.0,0.0005325585945896185
A5055364430,75,0.0,0.0005325585945896185
A5079574806,75,0.0,0.0005325585945896185
A5106240857,75,0.0,0.0005325585945896185
A5052950282,75,0.0,0.0005325585945896185
A5047515302,75,0.0,0.0005325585945896185
A5038246369,75,0.0,0.0005325585945896185
A5108409249,100,0.23935379965457682,0.0009131241455012288
A5110887506,75,0.0,0.0005325585945896185
A5101053210,75,0.0,0.0005325585945896185
A5101165780,75,0.0,0.0005325585945896185
A5100351611,75,0.0,0.0005325585945896185
A5039625805,75,0.0,0.0005325585945896185
A5044848093,75,0.0,0.0005325585945896185
A5101616315,75,0.0,0.0005325585945896185
A5026333385,75,0.0,0.0005325585945896185
A5068361962,75,0.0,0.0005325585945896185
A5111065343,75,0.0,0.0005325585945896185
A5064627647,75,0.0,0.0005325585945896185
A5033726162,75,0.0,0.0005325585945896185
A5030033078,75,0.0,0.0005325585945896185
A5074710198,75,0.0,0.0005325585945896185
A5021609234,75,0.0,0.0005325585945896185
A5020289460,75,0.0,0.0005325585945896185
A5111976682,75,0.0,0.0005325585945896185
A5068468956,75,0.0,0.0005325585945896185
A5109548791,75,0.0,0.0005325585945896185
A5016011343,75,0.0,0.0005325585945896185
A5044367089,127,0.2014885146804836,0.0009477238892125331
A5112268715,75,0.0,0.0005325585945896185
A5034591900,75,0.0,0.0005325585945896185
A5000554665,75,0.0,0.0005325585945896185
A5033820961,75,0.0,0.0005325585945896185
A5103182357,75,0.0,0.0005325585945896185
A5031410539,75,0.0,0.0005325585945896185
A5108187657,75,0.0,0.0005325585945896185
A5057479635,75,0.0,0.0005325585945896185
A5043135459,75,0.0,0.0005325585945896185
A5044231697,75,0.0,0.0005325585945896185
A5019257615,30,0.0,0.0004645023533723347
A5087254807,30,0.0,0.0004645023533723347
A5030548733,30,0.0,0.0004645023533723347
A5047506740,30,0.0,0.0004645023533723347
A5030301507,30,0.0,0.0004645023533723347
A5104522796,30,0.0,0.0004645023533723347
A5041943020,30,0.0,0.0004645023533723347
A5087054599,129,0.0725270293609672,0.0010038130945650712
A5110827224,30,0.0,0.0004645023533723347
A5048120516,30,0.0,0.0004645023533723347
A5061545433,30,0.0,0.0004645023533723347
A5000141007,30,0.0,0.0004645023533723347
A5015887661,30,0.0,0.0004645023533723347
A5084737607,30,0.0,0.0004645023533723347
A5026122489,30,0.0,0.0004645023533723347
A5015883195,30,0.0,0.0004645023533723347
A5036349769,30,0.0,0.0004645023533723347
A5051352857,30,0.0,0.0004645023533723347
A5070809137,30,0.0,0.0004645023533723347
A5047968051,30,0.0,0.0004645023533723347
A5110911950,30,0.0,0.0004645023533723347
A5091233512,30,0.0,0.0004645023533723347
A5112925548,30,0.0,0.0004645023533723347
A5019234228,30,0.0,0.0004645023533723347
A5079062938,30,0.0,0.0004645023533723347
A5018344175,30,0.0,0.0004645023533723347
A5108530986,30,0.0,0.0004645023533723347
A5030515411,71,0.05481743165680988,0.0008952849138303626
A5100678175,30,0.0,0.0004645023533723347
A5016985968,30,0.0,0.0004645023533723347
A5079227623,30,0.0,0.0004645023533723347
A5077149035,28,0.0,0.0004861559605976113
A5025570294,28,0.0,0.0004861559605976113
A5071986757,28,0.0,0.0004861559605976113
A5066622985,28,0.0,0.0004861559605976113
A5044528460,28,0.0,0.0004861559605976113
A5011630219,28,0.0,0.0004861559605976113
A5004177089,28,0.0,0.0004861559605976113
A5109287523,28,0.0,0.0004861559605976113
A5010714428,28,0.0,0.0004861559605976113
A5062850738,28,0.0,0.0004861559605976113
A5108802068,28,0.0,0.0004861559605976113
A5114244752,28,0.0,0.0004861559605976113
A5060317431,28,0.0,0.0004861559605976113
A5090179703,28,0.0,0.0004861559605976113
A5017709465,28,0.0,0.0004861559605976113
A5023860009,56,0.02422279792746114,0.0009192906162093956
A5109307471,28,0.0,0.0004861559605976113
A5016874692,28,0.0,0.0004861559605976113
A5110388397,28,0.0,0.0004861559605976113
A5000824601,28,0.0,0.0004861559605976113
A5071507724,28,0.0,0.0004861559605976113
A5017429931,28,0.0,0.0004861559605976113
A5065118923,28,0.0,0.0004861559605976113
A5075022525,28,0.0,0.0004861559605976113
A5108585632,28,0.0,0.0004861559605976113
A5112267327,28,0.0,0.0004861559605976113
A5100844751,28,0.0,0.0004861559605976113
A5104415202,28,0.0,0.0004861559605976113
A5000654950,41,0.0,0.0004970442276608365
A5011959319,41,0.0,0.0004970442276608365
A5086365673,41,0.0,0.0004970442276608365
A5089299232,41,0.0,0.0004970442276608365
A5103736720,41,0.0,0.0004970442276608365
A5103529113,41,0.0,0.0004970442276608365
A5106201802,41,0.0,0.0004970442276608365
A5002764364,41,0.0,0.0004970442276608365
A5011912106,41,0.0,0.0004970442276608365
A5040828301,41,0.0,0.0004970442276608365
A5049359215,41,0.0,0.0004970442276608365
A5083111737,41,0.0,0.0004970442276608365
A5012585582,41,0.0,0.0004970442276608365
A5082418544,41,0.0,0.0004970442276608365
A5103093525,41,0.0,0.0004970442276608365
A5013558538,41,0.0,0.0004970442276608365
A5112005124,41,0.0,0.0004970442276608365
A5025264098,41,0.0,0.0004970442276608365
A5105810319,41,0.0,0.0004970442276608365
A5067590168,41,0.0,0.0004970442276608365
A5083171121,41,0.0,0.0004970442276608365
A5083506090,41,0.0,0.0004970442276608365
A5020138258,41,0.0,0.0004970442276608365
A5110896431,41,0.0,0.0004970442276608365
A5083361596,41,0.0,0.0004970442276608365
A5091361893,41,0.0,0.0004970442276608365
A5006078399,41,0.0,0.0004970442276608365
A5080878006,41,0.0,0.0004970442276608365
A5041540706,41,0.0,0.0004970442276608365
A5067847626,41,0.0,0.0004970442276608365
A5008018753,41,0.0,0.0004970442276608365
A5016101274,41,0.0,0.0004970442276608365
A5081592896,41,0.0,0.0004970442276608365
A5106242667,41,0.0,0.0004970442276608365
A5023021009,41,0.0,0.0004970442276608365
A5106006275,41,0.0,0.0004970442276608365
A5102095536,41,0.0,0.0004970442276608365
A5106054634,41,0.0,0.0004970442276608365
A5103125061,41,0.0,0.0004970442276608365
A5105390110,41,0.0,0.0004970442276608365
A5110911730,82,0.011368632401859301,0.0009215338513504479
A5057190321,40,0.0,0.0004997100116571046
A5111959151,40,0.0,0.0004997100116571046
A5042801299,40,0.0,0.0004997100116571046
A5110600048,40,0.0,0.0004997100116571046
A5001863322,40,0.0,0.0004997100116571046
A5079346001,40,0.0,0.0004997100116571046
A5024355598,40,0.0,0.0004997100116571046
A5103534958,40,0.0,0.0004997100116571046
A5004273391,40,0.0,0.0004997100116571046
A5088809371,40,0.0,0.0004997100116571046
A5111811986,40,0.0,0.0004997100116571046
A5000940184,40,0.0,0.0004997100116571046
A5069717448,40,0.0,0.0004997100116571046
A5072277459,40,0.0,0.0004997100116571046
A5009703434,40,0.0,0.0004997100116571046
A5014616545,40,0.0,0.0004997100116571046
A5055366797,40,0.0,0.0004997100116571046
A5028072919,40,0.0,0.0004997100116571046
A5036099355,40,0.0,0.0004997100116571046
A5088349178,40,0.0,0.0004997100116571046
A5066066463,40,0.0,0.0004997100116571046
A5033672260,40,0.0,0.0004997100116571046
A5072200320,40,0.0,0.0004997100116571046
A5051263008,40,0.0,0.0004997100116571046
A5054815604,40,0.0,0.0004997100116571046
A5001891403,40,0.0,0.0004997100116571046
A5077760492,40,0.0,0.0004997100116571046
A5032612760,40,0.0,0.0004997100116571046
A5105878279,40,0.0,0.0004997100116571046
A5001280943,40,0.0,0.0004997100116571046
A5091132477,40,0.0,0.0004997100116571046
A5055654530,40,0.0,0.0004997100116571046
A5058903869,40,0.0,0.0004997100116571046
A5036276959,40,0.0,0.0004997100116571046
A5038947803,40,0.0,0.0004997100116571046
A5062581099,40,0.0,0.0004997100116571046
A5104074082,40,0.0,0.0004997100116571046
A5058898669,40,0.0,0.0004997100116571046
A5109371241,40,0.0,0.0004997100116571046
A5098400127,42,0.01362314097718967,0.0005193456562152447
A5076410333,99,0.0,0.0006117374590165298
A5022268230,99,0.0,0.0006117374590165298
A5057087630,99,0.0,0.0006117374590165298
A5038368416,99,0.0,0.0006117374590165298
A5048339704,99,0.0,0.0006117374590165298
A5110075179,99,0.0,0.0006117374590165298
A5085292862,99,0.0,0.0006117374590165298
A5066068081,99,0.0,0.0006117374590165298
A5004651450,99,0.0,0.0006117374590165298
A5044588325,99,0.0,0.0006117374590165298
A5005051029,99,0.0,0.0006117374590165298
A5074093642,99,0.0,0.0006117374590165298
A5009306509,99,0.0,0.0006117374590165298
A5111542581,99,0.0,0.0006117374590165298
A5079563436,99,0.0,0.0006117374590165298
A5083080543,99,0.0,0.0006117374590165298
A5047747446,99,0.0,0.0006117374590165298
A5045736929,99,0.0,0.0006117374590165298
A5018037976,99,0.0,0.0006117374590165298
A5114259537,99,0.0,0.0006117374590165298
A5079084775,119,0.020160621761658035,0.0009929310895226207
A5037076463,99,0.0,0.0006117374590165298
A5102849836,99,0.0,0.0006117374590165298
A5058153522,99,0.0,0.0006117374590165298
A5046887141,99,0.0,0.0006117374590165298
A5047069085,99,0.0,0.0006117374590165298
A5014013366,99,0.0,0.0006117374590165298
A5031536987,99,0.0,0.0006117374590165298
A5009831302,99,0.0,0.0006117374590165298
A5103162813,99,0.0,0.0006117374590165298
A5011673575,99,0.0,0.0006117374590165298
A5110158783,99,0.0,0.0006117374590165298
A5110211952,99,0.0,0.0006117374590165298
A5085814851,99,0.0,0.0006117374590165298
A5057852289,99,0.0,0.0006117374590165298
A5021826796,99,0.0,0.0006117374590165298
A5104362043,99,0.0,0.0006117374590165298
A5071075039,99,0.0,0.0006117374590165298
A5056478400,99,0.0,0.0006117374590165298
A5100339493,99,0.0,0.0006117374590165298
A5056322441,99,0.0,0.0006117374590165298
A5052059732,99,0.0,0.0006117374590165298
A5088969490,99,0.0,0.0006117374590165298
A5066341813,99,0.0,0.0006117374590165298
A5113569167,99,0.0,0.0006117374590165298
A5079478282,99,0.0,0.0006117374590165298
A5028421163,99,0.0,0.0006117374590165298
A5033568727,99,0.0,0.0006117374590165298
A5114017727,99,0.0,0.0006117374590165298
A5099548214,99,0.0,0.0006117374590165298
A5076255321,99,0.0,0.0006117374590165298
A5059653059,99,0.0,0.0006117374590165298
A5054344119,99,0.0,0.0006117374590165298
A5031316574,99,0.0,0.0006117374590165298
A5008074868,99,0.0,0.0006117374590165298
A5027846125,99,0.0,0.0006117374590165298
A5104534617,99,0.0,0.0006117374590165298
A5028928157,99,0.0,0.0006117374590165298
A5025094543,99,0.0,0.0006117374590165298
A5076868240,99,0.0,0.0006117374590165298
A5058740892,99,0.0,0.0006117374590165298
A5083642312,99,0.0,0.0006117374590165298
A5000368760,99,0.0,0.0006117374590165298
A5110911328,99,0.0,0.0006117374590165298
A5009831760,103,0.002072538860103627,0.0008124089340494868
A5059187439,99,0.0,0.0006117374590165298
A5075517484,99,0.0,0.0006117374590165298
A5065375498,99,0.0,0.0006117374590165298
A5101175220,99,0.0,0.0006117374590165298
A5029802394,99,0.0,0.0006117374590165298
A5110346023,129,0.03520725388601037,0.0023194504884766105
A5100914275,99,0.0,0.0006117374590165298
A5111783255,140,0.1659259930915371,0.0010262821525408835
A5037232419,99,0.0,0.0006117374590165298
A5089985924,99,0.0,0.0006117374590165298
A5086416122,99,0.0,0.0006117374590165298
A5009848347,99,0.0,0.0006117374590165298
A5066740518,99,0.0,0.0006117374590165298
A5052705453,99,0.0,0.0006117374590165298
A5051896321,99,0.0,0.0006117374590165298
A5074817628,99,0.0,0.0006117374590165298
A5069068065,99,0.0,0.0006117374590165298
A5011323896,99,0.0,0.0006117374590165298
A5108997566,99,0.0,0.0006117374590165298
A5072544408,99,0.0,0.0006117374590165298
A5078967237,99,0.0,0.0006117374590165298
A5102726062,99,0.0,0.0006117374590165298
A5010923623,99,0.0,0.0006117374590165298
A5100829308,99,0.0,0.0006117374590165298
A5099548215,99,0.0,0.0006117374590165298
A5084316097,99,0.0,0.0006117374590165298
A5111861706,99,0.0,0.0006117374590165298
A5014765925,99,0.0,0.0006117374590165298
A5080326190,99,0.0,0.0006117374590165298
A5067842907,99,0.0,0.0006117374590165298
A5108809363,99,0.0,0.0006117374590165298
A5053318886,99,0.0,0.0006117374590165298
A5026619609,99,0.0,0.0006117374590165298
A5070592653,99,0.0,0.0006117374590165298
A5018198709,87,0.0,0.0005010722977923658
A5105223443,87,0.0,0.0005010722977923658
A5049761539,87,0.0,0.0005010722977923658
A5007784331,87,0.0,0.0005010722977923658
A5038013873,87,0.0,0.0005010722977923658
A5001695850,87,0.0,0.0005010722977923658
A5059816341,87,0.0,0.0005010722977923658
A5078688258,87,0.0,0.0005010722977923658
A5014400678,87,0.0,0.0005010722977923658
A5012272703,87,0.0,0.0005010722977923658
A5078978286,87,0.0,0.0005010722977923658
A5030722501,87,0.0,0.0005010722977923658
A5109192786,87,0.0,0.0005010722977923658
A5110895873,87,0.0,0.0005010722977923658
A5004169412,87,0.0,0.0005010722977923658
A5057715245,87,0.0,0.0005010722977923658
A5091595382,87,0.0,0.0005010722977923658
A5007670394,87,0.0,0.0005010722977923658
A5043912889,87,0.0,0.0005010722977923658
A5044263355,87,0.0,0.0005010722977923658
A5050666437,87,0.0,0.0005010722977923658
A5025452509,87,0.0,0.0005010722977923658
A5048840416,87,0.0,0.0005010722977923658
A5002341439,87,0.0,0.0005010722977923658
A5039076657,87,0.0,0.0005010722977923658
A5109962705,87,0.0,0.0005010722977923658
A5055346079,87,0.0,0.0005010722977923658
A5040884267,87,0.0,0.0005010722977923658
A5101658858,87,0.0,0.0005010722977923658
A5037474846,87,0.0,0.0005010722977923658
A5109938688,87,0.0,0.0005010722977923658
A5088068371,87,0.0,0.0005010722977923658
A5042892410,87,0.0,0.0005010722977923658
A5079522209,87,0.0,0.0005010722977923658
A5067602193,87,0.0,0.0005010722977923658
A5075419390,87,0.0,0.0005010722977923658
A5087258128,87,0.0,0.0005010722977923658
A5078336507,87,0.0,0.0005010722977923658
A5062020593,87,0.0,0.0005010722977923658
A5051041204,87,0.0,0.0005010722977923658
A5044929142,87,0.0,0.0005010722977923658
A5025301816,87,0.0,0.0005010722977923658
A5080883850,87,0.0,0.0005010722977923658
A5027354705,87,0.0,0.0005010722977923658
A5105863204,87,0.0,0.0005010722977923658
A5090024120,87,0.0,0.0005010722977923658
A5004804604,87,0.0,0.0005010722977923658
A5059915616,87,0.0,0.0005010722977923658
A5019368362,87,0.0,0.0005010722977923658
A5063330561,87,0.0,0.0005010722977923658
A5042027603,87,0.0,0.0005010722977923658
A5046828685,87,0.0,0.0005010722977923658
A5081071585,87,0.0,0.0005010722977923658
A5105863205,87,0.0,0.0005010722977923658
A5044705411,87,0.0,0.0005010722977923658
A5041550872,87,0.0,0.0005010722977923658
A5055798318,87,0.0,0.0005010722977923658
A5110698814,87,0.0,0.0005010722977923658
A5000716568,87,0.0,0.0005010722977923658
A5039560259,87,0.0,0.0005010722977923658
A5064238032,87,0.0,0.0005010722977923658
A5086183093,87,0.0,0.0005010722977923658
A5054499646,87,0.0,0.0005010722977923658
A5030189486,87,0.0,0.0005010722977923658
A5019768972,87,0.0,0.0005010722977923658
A5054272115,87,0.0,0.0005010722977923658
A5114009838,87,0.0,0.0005010722977923658
A5042051130,87,0.0,0.0005010722977923658
A5046829620,87,0.0,0.0005010722977923658
A5112345707,87,0.0,0.0005010722977923658
A5113607397,87,0.0,0.0005010722977923658
A5086290828,87,0.0,0.0005010722977923658
A5039181731,87,0.0,0.0005010722977923658
A5101616328,87,0.0,0.0005010722977923658
A5010675917,87,0.0,0.0005010722977923658
A5079268976,41,0.0,0.0004892392730174463
A5052110190,41,0.0,0.0004892392730174463
A5022603548,41,0.0,0.0004892392730174463
A5112373894,41,0.0,0.0004892392730174463
A5103574329,41,0.0,0.0004892392730174463
A5008809765,41,0.0,0.0004892392730174463
A5044107008,41,0.0,0.0004892392730174463
A5019557676,41,0.0,0.0004892392730174463
A5046007610,41,0.0,0.0004892392730174463
A5024561589,41,0.0,0.0004892392730174463
A5111711623,41,0.0,0.0004892392730174463
A5105471195,41,0.0,0.0004892392730174463
A5113517647,41,0.0,0.0004892392730174463
A5010502061,41,0.0,0.0004892392730174463
A5113836741,41,0.0,0.0004892392730174463
A5015915335,41,0.0,0.0004892392730174463
A5052415726,41,0.0,0.0004892392730174463
A5111801684,41,0.0,0.0004892392730174463
A5079212421,41,0.0,0.0004892392730174463
A5051825051,41,0.0,0.0004892392730174463
A5087295298,41,0.0,0.0004892392730174463
A5022858231,41,0.0,0.0004892392730174463
A5065263618,41,0.0,0.0004892392730174463
A5015286193,41,0.0,0.0004892392730174463
A5023711531,41,0.0,0.0004892392730174463
A5016249887,41,0.0,0.0004892392730174463
A5029521254,41,0.0,0.0004892392730174463
A5061955040,41,0.0,0.0004892392730174463
A5111597848,41,0.0,0.0004892392730174463
A5088890091,41,0.0,0.0004892392730174463
A5090540313,41,0.0,0.0004892392730174463
A5066835190,41,0.0,0.0004892392730174463
A5067104184,41,0.0,0.0004892392730174463
A5107862891,41,0.0,0.0004892392730174463
A5037709778,41,0.0,0.0004892392730174463
A5018678475,41,0.0,0.0004892392730174463
A5038813340,41,0.0,0.0004892392730174463
A5072242018,41,0.0,0.0004892392730174463
A5043508333,41,0.0,0.0004892392730174463
A5070771536,41,0.0,0.0004892392730174463
A5085348175,31,0.0,0.0004904351925304917
A5020765050,31,0.0,0.0004904351925304917
A5008352140,31,0.0,0.0004904351925304917
A5112292615,31,0.0,0.0004904351925304917
A5089349632,31,0.0,0.0004904351925304917
A5094999721,31,0.0,0.0004904351925304917
A5081267354,31,0.0,0.0004904351925304917
A5111694149,31,0.0,0.0004904351925304917
A5079252227,31,0.0,0.0004904351925304917
A5109546527,31,0.0,0.0004904351925304917
A5024879662,31,0.0,0.0004904351925304917
A5063172840,31,0.0,0.0004904351925304917
A5029918292,31,0.0,0.0004904351925304917
A5113675248,31,0.0,0.0004904351925304917
A5072849369,31,0.0,0.0004904351925304917
A5000322651,31,0.0,0.0004904351925304917
A5113796703,31,0.0,0.0004904351925304917
A5026070246,31,0.0,0.0004904351925304917
A5100695706,31,0.0,0.0004904351925304917
A5043262172,31,0.0,0.0004904351925304917
A5094999717,31,0.0,0.0004904351925304917
A5094999718,31,0.0,0.0004904351925304917
A5094999719,31,0.0,0.0004904351925304917
A5094999720,31,0.0,0.0004904351925304917
A5108289999,31,0.0,0.0004904351925304917
A5004063604,31,0.0,0.0004904351925304917
A5047670078,31,0.0,0.0004904351925304917
A5035126983,31,0.0,0.0004904351925304917
A5004656494,31,0.0,0.0004904351925304917
A5106732502,31,0.0,0.0004904351925304917
A5108187062,31,0.0,0.0004904351925304917
A5050358373,4,0.0,0.0002613758791925975
A5026096786,4,0.0,0.0002613758791925975
A5023897162,4,0.0,0.0002613758791925975
A5062711392,4,0.0,0.0002613758791925975
A5041356930,37,0.0,0.00043434919484619256
A5088457381,37,0.0,0.00043434919484619256
A5110996362,37,0.0,0.00043434919484619256
A5109172723,37,0.0,0.00043434919484619256
A5110860902,37,0.0,0.00043434919484619256
A5084361105,37,0.0,0.00043434919484619256
A5029869412,37,0.0,0.00043434919484619256
A5112023897,37,0.0,0.00043434919484619256
A5113588216,37,0.0,0.00043434919484619256
A5008925811,37,0.0,0.00043434919484619256
A5102965201,37,0.0,0.00043434919484619256
A5114018570,37,0.0,0.00043434919484619256
A5084767577,37,0.0,0.00043434919484619256
A5110905487,37,0.0,0.00043434919484619256
A5054911397,37,0.0,0.00043434919484619256
A5105470721,37,0.0,0.00043434919484619256
A5070284036,37,0.0,0.00043434919484619256
A5086697212,37,0.0,0.00043434919484619256
A5082401647,37,0.0,0.00043434919484619256
A5112259487,37,0.0,0.00043434919484619256
A5111619193,37,0.0,0.00043434919484619256
A5109604711,37,0.0,0.00043434919484619256
A5113538147,37,0.0,0.00043434919484619256
A5110822966,37,0.0,0.00043434919484619256
A5010439031,37,0.0,0.00043434919484619256
A5055556460,37,0.0,0.00043434919484619256
A5013179538,37,0.0,0.00043434919484619256
A5055378319,37,0.0,0.00043434919484619256
A5113721196,37,0.0,0.00043434919484619256
A5113677954,28,0.0,0.00047637109517080186
A5110021209,28,0.0,0.00047637109517080186
A5105369377,28,0.0,0.00047637109517080186
A5101437956,28,0.0,0.00047637109517080186
A5051036940,28,0.0,0.00047637109517080186
A5015396034,28,0.0,0.00047637109517080186
A5010713638,28,0.0,0.00047637109517080186
A5019818149,28,0.0,0.00047637109517080186
A5110127085,28,0.0,0.00047637109517080186
A5016700968,28,0.0,0.00047637109517080186
A5113617101,28,0.0,0.00047637109517080186
A5038080322,28,0.0,0.00047637109517080186
A5057431979,28,0.0,0.00047637109517080186
A5028804707,28,0.0,0.00047637109517080186
A5060518463,28,0.0,0.00047637109517080186
A5043905211,28,0.0,0.00047637109517080186
A5109326500,28,0.0,0.00047637109517080186
A5079817799,28,0.0,0.00047637109517080186
A5104911173,28,0.0,0.00047637109517080186
A5036260883,28,0.0,0.00047637109517080186
A5027860198,28,0.0,0.00047637109517080186
A5010261264,28,0.0,0.00047637109517080186
A5013962996,28,0.0,0.00047637109517080186
A5081738268,28,0.0,0.00047637109517080186
A5080895076,28,0.0,0.00047637109517080186
A5113088001,28,0.0,0.00047637109517080186
A5077996763,28,0.0,0.00047637109517080186
A5039743409,52,0.0,0.000491422244029047
A5032081163,52,0.0,0.000491422244029047
A5082731352,52,0.0,0.000491422244029047
A5110482131,93,0.05932271157167531,0.0009216615589491171
A5051385156,52,0.0,0.000491422244029047
A5009214710,52,0.0,0.000491422244029047
A5029408184,52,0.0,0.000491422244029047
A5069246337,52,0.0,0.000491422244029047
A5067776208,52,0.0,0.000491422244029047
A5075238372,52,0.0,0.000491422244029047
A5112629237,52,0.0,0.000491422244029047
A5005099971,52,0.0,0.000491422244029047
A5023822942,52,0.0,0.000491422244029047
A5008382382,52,0.0,0.000491422244029047
A5021919056,52,0.0,0.000491422244029047
A5028866830,52,0.0,0.000491422244029047
A5102201296,52,0.0,0.000491422244029047
A5032991089,52,0.0,0.000491422244029047
A5049995072,52,0.0,0.000491422244029047
A5028484069,52,0.0,0.000491422244029047
A5033787336,52,0.0,0.000491422244029047
A5101167898,52,0.0,0.000491422244029047
A5106973230,52,0.0,0.000491422244029047
A5047138511,52,0.0,0.000491422244029047
A5088505760,52,0.0,0.000491422244029047
A5047721991,52,0.0,0.000491422244029047
A5042538405,52,0.0,0.000491422244029047
A5022141877,52,0.0,0.000491422244029047
A5006437298,52,0.0,0.000491422244029047
A5075879947,52,0.0,0.000491422244029047
A5068079654,52,0.0,0.000491422244029047
A5048897409,52,0.0,0.000491422244029047
A5108607499,52,0.0,0.000491422244029047
A5065903102,52,0.0,0.000491422244029047
A5107848214,52,0.0,0.000491422244029047
A5012556593,52,0.0,0.000491422244029047
A5018035166,52,0.0,0.000491422244029047
A5005249175,52,0.0,0.000491422244029047
A5026427351,52,0.0,0.000491422244029047
A5069154859,52,0.0,0.000491422244029047
A5025645870,52,0.0,0.000491422244029047
A5112801553,52,0.0,0.000491422244029047
A5103690605,52,0.0,0.000491422244029047
A5019500272,52,0.0,0.000491422244029047
A5103901836,52,0.0,0.000491422244029047
A5007779528,52,0.0,0.000491422244029047
A5061738554,52,0.0,0.000491422244029047
A5070554877,52,0.0,0.0005506487918857814
A5062617995,52,0.0,0.0005506487918857814
A5009999606,54,0.00010362694300518114,0.0005793047935554468
A5051160307,52,0.0,0.0005506487918857814
A5103714878,52,0.0,0.0005506487918857814
A5032236842,52,0.0,0.0005506487918857814
A5097107098,52,0.0,0.0005506487918857814
A5078819359,52,0.0,0.0005506487918857814
A5013377836,52,0.0,0.0005506487918857814
A5097135241,52,0.0,0.0005506487918857814
A5058666634,52,0.0,0.0005506487918857814
A5065481865,52,0.0,0.0005506487918857814
A5079221544,52,0.0,0.0005506487918857814
A5049834363,54,0.0010362694300518134,0.0006797193755138937
A5020738418,52,0.0,0.0005506487918857814
A5022054634,52,0.0,0.0005506487918857814
A5033844837,52,0.0,0.0005506487918857814
A5058895828,52,0.0,0.0005506487918857814
A5018600506,54,0.00010362694300518114,0.0005793047935554468
A5084186513,63,0.0047668393782383505,0.0008992373740783259
A5073284225,54,0.00010362694300518114,0.0005793047935554468
A5062504724,54,0.00010362694300518114,0.0005793047935554468
A5112156403,54,0.00010362694300518114,0.0005793047935554468
A5081397830,54,0.00010362694300518114,0.0005793047935554468
A5033671775,54,0.00010362694300518114,0.0005793047935554468
A5042139554,54,0.00010362694300518114,0.0005793047935554468
A5047298979,54,0.00010362694300518114,0.0005793047935554468
A5109508715,52,0.0,0.0005506487918857814
A5080520854,52,0.0,0.0005506487918857814
A5046843816,52,0.0,0.0005506487918857814
A5112780483,52,0.0,0.0005506487918857814
A5112660667,52,0.0,0.0005506487918857814
A5097246862,52,0.0,0.0005506487918857814
A5016243277,52,0.0,0.0005506487918857814
A5048254064,52,0.0,0.0005506487918857814
A5109870867,52,0.0,0.0005506487918857814
A5105024363,52,0.0,0.0005506487918857814
A5085172369,52,0.0,0.0005506487918857814
A5043378032,52,0.0,0.0005506487918857814
A5113246187,52,0.0,0.0005506487918857814
A5011546664,52,0.0,0.0005506487918857814
A5081723111,52,0.0,0.0005506487918857814
A5079574915,52,0.0,0.0005506487918857814
A5026215303,52,0.0,0.0005506487918857814
A5058305989,52,0.0,0.0005506487918857814
A5069065323,52,0.0,0.0005506487918857814
A5004344599,52,0.0,0.0005506487918857814
A5091380756,52,0.0,0.0005506487918857814
A5003562414,52,0.0,0.0005506487918857814
A5008289915,52,0.0,0.0005506487918857814
A5063440203,52,0.0,0.0005506487918857814
A5012491915,52,0.0,0.0005506487918857814
A5080862113,20,0.0,0.0004486314573457951
A5102935287,20,0.0,0.0004486314573457951
A5011095758,20,0.0,0.0004486314573457951
A5038603446,20,0.0,0.0004486314573457951
A5080683237,20,0.0,0.0004486314573457951
A5048464831,20,0.0,0.0004486314573457951
A5011659907,20,0.0,0.0004486314573457951
A5032246802,20,0.0,0.0004486314573457951
A5074043596,20,0.0,0.0004486314573457951
A5011273470,20,0.0,0.0004486314573457951
A5009451310,20,0.0,0.0004486314573457951
A5010556055,20,0.0,0.0004486314573457951
A5108189712,20,0.0,0.0004486314573457951
A5044475605,20,0.0,0.0004486314573457951
A5023535794,20,0.0,0.0004486314573457951
A5112708108,20,0.0,0.0004486314573457951
A5017261148,20,0.0,0.0004486314573457951
A5027887267,20,0.0,0.0004486314573457951
A5111773485,20,0.0,0.0004486314573457951
A5099348767,20,0.0,0.0004486314573457951
A5103558599,41,0.0,0.0005005524627258024
A5016228626,41,0.0,0.0005005524627258024
A5119660478,41,0.0,0.0005005524627258024
A5110140215,41,0.0,0.0005005524627258024
A5071002136,41,0.0,0.0005005524627258024
A5041548697,41,0.0,0.0005005524627258024
A5083193145,41,0.0,0.0005005524627258024
A5108129059,41,0.0,0.0005005524627258024
A5102452295,41,0.0,0.0005005524627258024
A5108075327,41,0.0,0.0005005524627258024
A5066130952,41,0.0,0.0005005524627258024
A5109156976,41,0.0,0.0005005524627258024
A5033001505,41,0.0,0.0005005524627258024
A5069593946,41,0.0,0.0005005524627258024
A5088381221,41,0.0,0.0005005524627258024
A5105910177,41,0.0,0.0005005524627258024
A5005763628,41,0.0,0.0005005524627258024
A5036118230,41,0.0,0.0005005524627258024
A5106242335,41,0.0,0.0005005524627258024
A5020839321,41,0.0,0.0005005524627258024
A5006462730,41,0.0,0.0005005524627258024
A5033391533,41,0.0,0.0005005524627258024
A5061362555,41,0.0,0.0005005524627258024
A5110648419,41,0.0,0.0005005524627258024
A5074113060,41,0.0,0.0005005524627258024
A5050294034,41,0.0,0.0005005524627258024
A5019120271,41,0.0,0.0005005524627258024
A5080036359,41,0.0,0.0005005524627258024
A5041617090,41,0.0,0.0005005524627258024
A5019127349,41,0.0,0.0005005524627258024
A5062563835,41,0.0,0.0005005524627258024
A5111951385,41,0.0,0.0005005524627258024
A5105328804,41,0.0,0.0005005524627258024
A5013918214,41,0.0,0.0005005524627258024
A5107859363,41,0.0,0.0005005524627258024
A5100379558,41,0.0,0.0005005524627258024
A5107908889,41,0.0,0.0005005524627258024
A5109557717,41,0.0,0.0005005524627258024
A5112574920,41,0.0,0.0005005524627258024
A5109564220,41,0.0,0.0005005524627258024
A5002692694,7,0.0,0.0003253850788569693
A5102784120,7,0.0,0.0003253850788569693
A5080842014,7,0.0,0.0003253850788569693
A5070725658,7,0.0,0.0003253850788569693
A5049779709,7,0.0,0.0003253850788569693
A5042015669,7,0.0,0.0003253850788569693
A5095977117,7,0.0,0.0003253850788569693
A5056579114,41,0.0,0.0005061984798612194
A5112144465,41,0.0,0.0005061984798612194
A5085150595,41,0.0,0.0005061984798612194
A5108432926,41,0.0,0.0005061984798612194
A5082986250,41,0.0,0.0005061984798612194
A5107835920,41,0.0,0.0005061984798612194
A5011827915,41,0.0,0.0005061984798612194
A5056957507,41,0.0,0.0005061984798612194
A5073050351,41,0.0,0.0005061984798612194
A5039265862,41,0.0,0.0005061984798612194
A5109881401,41,0.0,0.0005061984798612194
A5046005841,41,0.0,0.0005061984798612194
A5104018860,41,0.0,0.0005061984798612194
A5046275158,41,0.0,0.0005061984798612194
A5100698434,41,0.0,0.0005061984798612194
A5089355483,41,0.0,0.0005061984798612194
A5109554828,41,0.0,0.0005061984798612194
A5013683885,41,0.0,0.0005061984798612194
A5111858055,41,0.0,0.0005061984798612194
A5088200595,41,0.0,0.0005061984798612194
A5111640624,41,0.0,0.0005061984798612194
A5012760289,41,0.0,0.0005061984798612194
A5028913521,41,0.0,0.0005061984798612194
A5012414471,41,0.0,0.0005061984798612194
A5052206224,41,0.0,0.0005061984798612194
A5018307082,41,0.0,0.0005061984798612194
A5018122716,41,0.0,0.0005061984798612194
A5058980483,41,0.0,0.0005061984798612194
A5107823983,41,0.0,0.0005061984798612194
A5049322102,41,0.0,0.0005061984798612194
A5023028846,41,0.0,0.0005061984798612194
A5056005290,41,0.0,0.0005061984798612194
A5082593579,41,0.0,0.0005061984798612194
A5062373131,41,0.0,0.0005061984798612194
A5006141324,41,0.0,0.0005061984798612194
A5007789661,41,0.0,0.0005061984798612194
A5112836332,41,0.0,0.0005061984798612194
A5082178311,41,0.0,0.0005061984798612194
A5013027761,41,0.0,0.0005061984798612194
A5004581603,41,0.0,0.0005061984798612194
A5112818655,4,0.0,0.0002613758791925975
A5011059766,4,0.0,0.0002613758791925975
A5026198361,4,0.0,0.0002613758791925975
A5030141337,4,0.0,0.0002613758791925975
A5108571209,4,0.0,0.0002613758791925975
A5031480150,4,0.0,0.0002613758791925975
A5051428818,4,0.0,0.0002613758791925975
A5072969593,4,0.0,0.0002613758791925975
A5032266841,4,0.0,0.0002613758791925975
A5086152357,4,0.0,0.0002613758791925975
A5049670987,4,0.0,0.0002613758791925975
A5034218505,4,0.0,0.0002613758791925975
A5113722243,4,0.0,0.0002613758791925975
A5060331076,4,0.0,0.0002613758791925975
A5010730319,4,0.0,0.0002613758791925975
A5047022770,4,0.0,0.0002613758791925975
A5089575937,3,0.0,0.00021686597953878733
A5069240492,3,0.0,0.00021686597953878733
A5018313534,3,0.0,0.00021686597953878733
A5108079656,3,0.0,0.00021686597953878733
A5008905381,3,0.0,0.00021686597953878733
A5048078420,3,0.0,0.00021686597953878733
A5079639853,4,0.0,0.0002613758791925975
A5078222425,4,0.0,0.0002613758791925975
A5110904208,4,0.0,0.0002613758791925975
A5026726585,4,0.0,0.0002613758791925975
A5112472336,2,0.0,9.496895583154682e-05
A5023443802,9,0.0,0.0003889825797327482
A5055916045,9,0.0,0.0003889825797327482
A5088032345,9,0.0,0.0003889825797327482
A5003246186,9,0.0,0.0003889825797327482
A5026346229,9,0.0,0.0003889825797327482
A5031315234,9,0.0,0.0003889825797327482
A5102825453,9,0.0,0.0003889825797327482
A5035799597,9,0.0,0.0003889825797327482
A5044736874,9,0.0,0.0003889825797327482
A5016150947,9,0.0,0.00037691655635299555
A5013523557,9,0.0,0.00037691655635299555
A5036498451,9,0.0,0.00037691655635299555
A5068063417,9,0.0,0.00037691655635299555
A5082705608,9,0.0,0.00037691655635299555
A5068903410,9,0.0,0.00037691655635299555
A5091582117,9,0.0,0.00037691655635299555
A5103698731,9,0.0,0.00037691655635299555
A5085651175,9,0.0,0.00037691655635299555
A5008543007,25,0.0,0.00045228441890319377
A5102809527,25,0.0,0.00045228441890319377
A5034221030,25,0.0,0.00045228441890319377
A5110742925,25,0.0,0.00045228441890319377
A5036626429,25,0.0,0.00045228441890319377
A5072283957,25,0.0,0.00045228441890319377
A5113612441,25,0.0,0.00045228441890319377
A5078170493,25,0.0,0.00045228441890319377
A5013965318,25,0.0,0.00045228441890319377
A5104479374,25,0.0,0.00045228441890319377
A5107841496,25,0.0,0.00045228441890319377
A5032482143,25,0.0,0.00045228441890319377
A5048530675,25,0.0,0.00045228441890319377
A5104405631,25,0.0,0.00045228441890319377
A5009127419,25,0.0,0.00045228441890319377
A5031622647,25,0.0,0.00045228441890319377
A5012353557,25,0.0,0.00045228441890319377
A5056995694,25,0.0,0.00045228441890319377
A5060915537,25,0.0,0.00045228441890319377
A5002547679,25,0.0,0.00045228441890319377
A5023154569,25,0.0,0.00045228441890319377
A5011878357,25,0.0,0.00045228441890319377
A5088306826,25,0.0,0.00045228441890319377
A5110405751,25,0.0,0.00045228441890319377
A5020046584,28,0.0,0.0005084869274827815
A5084202255,28,0.0,0.0005084869274827815
A5111631026,28,0.0,0.0005084869274827815
A5057182910,28,0.0,0.0005084869274827815
A5013235585,28,0.0,0.0005084869274827815
A5001556834,28,0.0,0.0005084869274827815
A5113438590,28,0.0,0.0005084869274827815
A5038137660,28,0.0,0.0005084869274827815
A5048434542,28,0.0,0.0005084869274827815
A5016230994,28,0.0,0.0005084869274827815
A5107846231,28,0.0,0.0005084869274827815
A5110391874,28,0.0,0.0005084869274827815
A5011421717,28,0.0,0.0005084869274827815
A5008120796,28,0.0,0.0005084869274827815
A5010551485,28,0.0,0.0005084869274827815
A5025239274,28,0.0,0.0005084869274827815
A5003034184,28,0.0,0.0005084869274827815
A5011662378,28,0.0,0.0005084869274827815
A5017392571,28,0.0,0.0005084869274827815
A5007382727,28,0.0,0.0005084869274827815
A5105390086,28,0.0,0.0005084869274827815
A5008630587,28,0.0,0.0005084869274827815
A5109765988,28,0.0,0.0005084869274827815
A5015794888,28,0.0,0.0005084869274827815
A5008700238,28,0.0,0.0005084869274827815
A5032794342,28,0.0,0.0005084869274827815
A5043759197,28,0.0,0.0005084869274827815
A5053312977,28,0.0,0.0005084869274827815
A5006488387,5,0.0,0.00038204169954744483
A5016617471,12,0.0025906735751295338,0.000589011172366074
A5089248140,5,0.0,0.00038204169954744483
A5029397288,5,0.0,0.00038204169954744483
A5059896811,5,0.0,0.00038204169954744483
A5111848443,5,0.0,0.00038204169954744483
A5102828212,11,0.0,0.00018621262775085772
A5000723071,11,0.0,0.00018621262775085772
A5067659188,5,0.0,0.00028254411123673014
A5060773519,5,0.0,0.00028254411123673014
A5027231637,5,0.0,0.00028254411123673014
A5022945461,5,0.0,0.00028254411123673014
A5002049419,5,0.0,0.00028254411123673014
A5006861102,2,0.0,0.00015372340710402647
A5111917758,2,0.0,0.00015372340710402647
A5113643447,2,0.0,0.0001495864262374015
A5023004445,2,0.0,0.0001495864262374015
A5032065827,7,0.0,0.00027023068754670966
A5106788643,7,0.0,0.00027023068754670966
A5059496394,7,0.0,0.00027023068754670966
A5000691150,7,0.0,0.00027023068754670966
A5001365330,7,0.0,0.00027023068754670966
A5036854528,1,0.0,8.680406177685397e-05
A5075584449,4,0.0,0.0002359553756759565
A5055354961,4,0.0,0.0002359553756759565
A5081184867,4,0.0,0.0002359553756759565
A5029982033,4,0.0,0.0002359553756759565
A5004496412,1,0.0,8.438317161701926e-05
A5040494628,1,0.0,8.684867816879564e-05
